PO Number,Order Date,Supplier,Supplier Country,Item No,Item Description,Qty Ordered,Unit Cost,Freight,Duty,Landed Cost,Currency,Ship To,Promised Date,Received Date,Qty Received
PO-202407-0001,2024-07-01,Thermaline Systems,Mexico,HRD450871,40 GAL NATURAL GAS WATER HEATER 40 MBH,8,496.03,11.90,0.00,507.93,USD,100933,2024-08-09,2024-08-08,8
PO-202407-0002,2024-07-02,Anhui Precision Fittings,China,HRD290145,2 IN PVC DWV SANITARY TEE HUB,2898,3.90,0.30,0.49,4.69,USD,100571,2024-08-24,2024-08-30,2898
PO-202407-0003,2024-07-04,Gulf States Polymer,USA,HRD512066,1/2 IN x 300FT PEX-B TUBING RED,183,62.19,0.00,0.00,62.19,USD,100349,2024-08-16,2024-08-20,183
PO-202407-0004,2024-07-05,Thermaline Systems,Mexico,HRD304148,3/4 IN CPVC 90 DEG ELBOW SOCKET,2572,6.95,0.17,0.00,7.12,USD,100933,2024-08-13,2024-08-10,2572
PO-202407-0005,2024-07-06,Kotara Steel Products,India,HRD248813,1-1/4 IN GALVANIZED STEEL NIPPLE 6 IN,3864,1.50,0.13,0.09,1.72,USD,100047,2024-09-17,2024-09-16,3864
PO-202407-0006,2024-07-06,Kotara Steel Products,India,HRD248813,1-1/4 IN GALVANIZED STEEL NIPPLE 6 IN,2953,1.46,0.12,0.08,1.66,USD,100959,2024-09-17,2024-09-17,2953
PO-202407-0007,2024-07-07,Cascade Copper Mills,USA,HRD118902,1/2 IN COPPER TYPE L HARD TUBE 10FT,529,19.08,0.00,0.00,19.08,USD,100349,2024-07-24,2024-07-24,529
PO-202407-0008,2024-07-09,Cascade Copper Mills,USA,HRD107744,3/4 IN x 100FT SOFT COPPER COIL TYPE L,8,275.20,0.00,0.00,275.20,USD,100649,2024-07-26,2024-07-26,8
PO-202407-0009,2024-07-09,Pacific Rim Tooling,Vietnam,HRD335590,CHROME LAVATORY FAUCET 4 IN CENTERSET 2-HANDLE,80,83.42,6.76,5.17,95.35,USD,100933,2024-08-16,2024-08-16,80
PO-202407-0010,2024-07-09,Nordflow Valve Works,Germany,HRD772310,3/4 IN BRASS BALL VALVE FULL PORT THREADED,466,10.61,0.54,0.29,11.44,USD,100571,2024-08-06,2024-08-04,466
PO-202407-0011,2024-07-10,Gulf States Polymer,USA,HRD304148,3/4 IN CPVC 90 DEG ELBOW SOCKET,4490,6.79,0.00,0.00,6.79,USD,100117,2024-08-22,2024-08-20,4490
PO-202407-0012,2024-07-12,Pacific Rim Tooling,Vietnam,HRD118902,1/2 IN COPPER TYPE L HARD TUBE 10FT,442,16.86,1.37,1.05,19.28,USD,100959,2024-08-19,2024-08-17,442
PO-202407-0013,2024-07-13,Nordflow Valve Works,Germany,HRD772310,3/4 IN BRASS BALL VALVE FULL PORT THREADED,487,10.71,0.55,0.29,11.55,USD,100812,2024-08-10,2024-08-09,487
PO-202407-0014,2024-07-14,Thermaline Systems,Mexico,HRD983377,3 TON 14 SEER AC CONDENSING UNIT R-410A,16,1441.79,34.60,0.00,1476.39,USD,100933,2024-08-22,2024-08-21,16
PO-202407-0015,2024-07-17,Kotara Steel Products,India,HRD874019,4 IN CAST IRON NO-HUB COUPLING STAINLESS,505,7.29,0.61,0.42,8.32,USD,100649,2024-09-28,2024-09-27,505
PO-202407-0016,2024-07-18,Larsen Brass & Bronze,USA,HRD772310,3/4 IN BRASS BALL VALVE FULL PORT THREADED,388,11.69,0.00,0.00,11.69,USD,100117,2024-08-06,2024-08-03,388
PO-202407-0017,2024-07-18,Thermaline Systems,Mexico,HRD983377,3 TON 14 SEER AC CONDENSING UNIT R-410A,28,1419.63,34.07,0.00,1453.70,USD,100349,2024-08-26,2024-08-25,28
PO-202407-0018,2024-07-20,Anhui Precision Fittings,China,HRD290145,2 IN PVC DWV SANITARY TEE HUB,3757,3.84,0.30,0.48,4.62,USD,100649,2024-09-11,2024-09-08,3568
PO-202407-0019,2024-07-20,Thermaline Systems,Mexico,HRD512066,1/2 IN x 300FT PEX-B TUBING RED,91,59.51,1.43,0.00,60.94,USD,100117,2024-08-28,2024-08-28,89
PO-202407-0020,2024-07-21,Gulf States Polymer,USA,HRD290145,2 IN PVC DWV SANITARY TEE HUB,3429,4.47,0.00,0.00,4.47,USD,100047,2024-09-02,2024-09-06,3429
PO-202407-0021,2024-07-21,Gulf States Polymer,USA,HRD304148,3/4 IN CPVC 90 DEG ELBOW SOCKET,2606,6.96,0.00,0.00,6.96,USD,100205,2024-09-02,2024-09-02,2606
PO-202407-0022,2024-07-22,Thermaline Systems,Mexico,HRD450871,40 GAL NATURAL GAS WATER HEATER 40 MBH,9,490.93,11.78,0.00,502.71,USD,100117,2024-08-30,2024-09-07,9
PO-202407-0023,2024-07-23,Pacific Rim Tooling,Vietnam,HRD983377,3 TON 14 SEER AC CONDENSING UNIT R-410A,15,1287.89,104.32,79.85,1472.06,USD,100117,2024-08-30,2024-08-30,15
PO-202407-0024,2024-07-24,Gulf States Polymer,USA,HRD512066,1/2 IN x 300FT PEX-B TUBING RED,105,61.52,0.00,0.00,61.52,USD,100649,2024-09-05,2024-09-03,105
PO-202407-0025,2024-07-24,Gulf States Polymer,USA,HRD661204,1 IN PEX-A EXPANSION COUPLING BRASS,2393,2.30,0.00,0.00,2.30,USD,100571,2024-09-05,2024-09-03,2393
PO-202408-0026,2024-08-02,Cascade Copper Mills,USA,HRD118902,1/2 IN COPPER TYPE L HARD TUBE 10FT,313,18.89,0.00,0.00,18.89,USD,100933,2024-08-19,2024-08-22,313
PO-202408-0027,2024-08-02,Larsen Brass & Bronze,USA,HRD335590,CHROME LAVATORY FAUCET 4 IN CENTERSET 2-HANDLE,154,96.33,0.00,0.00,96.33,USD,100047,2024-08-21,2024-09-01,154
PO-202408-0028,2024-08-02,Thermaline Systems,Mexico,HRD450871,40 GAL NATURAL GAS WATER HEATER 40 MBH,9,482.33,11.58,0.00,493.91,USD,100205,2024-09-10,2024-09-09,9
PO-202408-0029,2024-08-03,Larsen Brass & Bronze,USA,HRD661204,1 IN PEX-A EXPANSION COUPLING BRASS,3279,2.40,0.00,0.00,2.40,USD,100649,2024-08-22,2024-08-21,2984
PO-202408-0030,2024-08-05,Kotara Steel Products,India,HRD248813,1-1/4 IN GALVANIZED STEEL NIPPLE 6 IN,2326,1.56,0.13,0.09,1.78,USD,100571,2024-10-17,2024-10-16,2326
PO-202408-0031,2024-08-05,Kotara Steel Products,India,HRD874019,4 IN CAST IRON NO-HUB COUPLING STAINLESS,729,7.38,0.62,0.43,8.43,USD,100349,2024-10-17,2024-10-16,729
PO-202408-0032,2024-08-07,Nordflow Valve Works,Germany,HRD772310,3/4 IN BRASS BALL VALVE FULL PORT THREADED,614,10.32,0.53,0.28,11.13,USD,100349,2024-09-04,2024-09-04,614
PO-202408-0033,2024-08-11,Gulf States Polymer,USA,HRD304148,3/4 IN CPVC 90 DEG ELBOW SOCKET,2436,7.00,0.00,0.00,7.00,USD,100205,2024-09-23,2024-09-23,2436
PO-202408-0034,2024-08-12,Larsen Brass & Bronze,USA,HRD118902,1/2 IN COPPER TYPE L HARD TUBE 10FT,270,18.86,0.00,0.00,18.86,USD,100117,2024-08-31,2024-09-11,270
PO-202408-0035,2024-08-12,Anhui Precision Fittings,China,HRD290145,2 IN PVC DWV SANITARY TEE HUB,3185,3.78,0.29,0.47,4.54,USD,100571,2024-10-04,2024-10-02,3185
PO-202408-0036,2024-08-13,Kotara Steel Products,India,HRD874019,4 IN CAST IRON NO-HUB COUPLING STAINLESS,577,7.27,0.61,0.42,8.30,USD,100205,2024-10-25,2024-10-24,497
PO-202408-0037,2024-08-16,Anhui Precision Fittings,China,HRD772310,3/4 IN BRASS BALL VALVE FULL PORT THREADED,457,9.70,0.76,1.21,11.67,USD,100047,2024-10-08,2024-10-05,457
PO-202408-0038,2024-08-16,Kotara Steel Products,India,HRD874019,4 IN CAST IRON NO-HUB COUPLING STAINLESS,454,7.13,0.60,0.41,8.14,USD,100812,2024-10-28,2024-10-29,454
PO-202408-0039,2024-08-18,Thermaline Systems,Mexico,HRD512066,1/2 IN x 300FT PEX-B TUBING RED,100,61.58,1.48,0.00,63.06,USD,100933,2024-09-26,2024-09-25,100
PO-202408-0040,2024-08-18,Gulf States Polymer,USA,HRD512066,1/2 IN x 300FT PEX-B TUBING RED,97,64.67,0.00,0.00,64.67,USD,100812,2024-09-30,2024-10-05,97
PO-202408-0041,2024-08-20,Cascade Copper Mills,USA,HRD107744,3/4 IN x 100FT SOFT COPPER COIL TYPE L,12,290.47,0.00,0.00,290.47,USD,100117,2024-09-06,2024-09-06,12
PO-202408-0042,2024-08-21,Cascade Copper Mills,USA,HRD118902,1/2 IN COPPER TYPE L HARD TUBE 10FT,523,19.28,0.00,0.00,19.28,USD,100349,2024-09-07,2024-09-07,523
PO-202408-0043,2024-08-22,Pacific Rim Tooling,Vietnam,HRD983377,3 TON 14 SEER AC CONDENSING UNIT R-410A,17,1243.11,100.69,77.07,1420.87,USD,100571,2024-09-29,2024-09-29,17
PO-202408-0044,2024-08-25,Larsen Brass & Bronze,USA,HRD107744,3/4 IN x 100FT SOFT COPPER COIL TYPE L,10,286.91,0.00,0.00,286.91,USD,100959,2024-09-13,2024-09-10,10
PO-202408-0045,2024-08-25,Anhui Precision Fittings,China,HRD248813,1-1/4 IN GALVANIZED STEEL NIPPLE 6 IN,1951,1.46,0.11,0.18,1.75,USD,100933,2024-10-17,2024-10-14,1951
PO-202409-0046,2024-09-01,Kotara Steel Products,India,HRD248813,1-1/4 IN GALVANIZED STEEL NIPPLE 6 IN,3097,1.55,0.13,0.09,1.77,USD,100649,2024-11-13,2024-11-13,3097
PO-202409-0047,2024-09-01,Anhui Precision Fittings,China,HRD335590,CHROME LAVATORY FAUCET 4 IN CENTERSET 2-HANDLE,144,79.91,6.23,9.99,96.13,USD,100205,2024-10-24,2024-10-27,144
PO-202409-0048,2024-09-03,Kotara Steel Products,India,HRD874019,4 IN CAST IRON NO-HUB COUPLING STAINLESS,456,7.38,0.62,0.43,8.43,USD,100959,2024-11-15,2024-11-14,456
PO-202409-0049,2024-09-04,Gulf States Polymer,USA,HRD512066,1/2 IN x 300FT PEX-B TUBING RED,71,65.05,0.00,0.00,65.05,USD,100959,2024-10-17,2024-10-29,71
PO-202409-0050,2024-09-06,Cascade Copper Mills,USA,HRD107744,3/4 IN x 100FT SOFT COPPER COIL TYPE L,5,274.59,0.00,0.00,274.59,USD,100349,2024-09-23,2024-09-20,5
PO-202409-0051,2024-09-07,Kotara Steel Products,India,HRD450871,40 GAL NATURAL GAS WATER HEATER 40 MBH,11,440.00,36.96,25.52,502.48,USD,100812,2024-11-19,2024-11-19,11
PO-202409-0052,2024-09-08,Cascade Copper Mills,USA,HRD118902,1/2 IN COPPER TYPE L HARD TUBE 10FT,406,19.22,0.00,0.00,19.22,USD,100571,2024-09-25,2024-09-29,406
PO-202409-0053,2024-09-10,Gulf States Polymer,USA,HRD290145,2 IN PVC DWV SANITARY TEE HUB,2844,4.54,0.00,0.00,4.54,USD,100117,2024-10-23,2024-10-30,2844
PO-202409-0054,2024-09-11,Cascade Copper Mills,USA,HRD107744,3/4 IN x 100FT SOFT COPPER COIL TYPE L,15,284.95,0.00,0.00,284.95,USD,100812,2024-09-28,2024-09-28,15
PO-202409-0055,2024-09-12,Thermaline Systems,Mexico,HRD450871,40 GAL NATURAL GAS WATER HEATER 40 MBH,7,496.91,11.93,0.00,508.84,USD,100649,2024-10-21,2024-10-25,7
PO-202409-0056,2024-09-13,Gulf States Polymer,USA,HRD290145,2 IN PVC DWV SANITARY TEE HUB,1877,4.69,0.00,0.00,4.69,USD,100959,2024-10-26,2024-10-24,1877
PO-202409-0057,2024-09-14,Cascade Copper Mills,USA,HRD118902,1/2 IN COPPER TYPE L HARD TUBE 10FT,313,19.06,0.00,0.00,19.06,USD,100959,2024-10-01,2024-09-30,313
PO-202409-0058,2024-09-14,Kotara Steel Products,India,HRD248813,1-1/4 IN GALVANIZED STEEL NIPPLE 6 IN,2292,1.55,0.13,0.09,1.77,USD,100047,2024-11-26,2024-11-25,2292
PO-202409-0059,2024-09-14,Thermaline Systems,Mexico,HRD983377,3 TON 14 SEER AC CONDENSING UNIT R-410A,9,1450.99,34.82,0.00,1485.81,USD,100205,2024-10-23,2024-10-22,9
PO-202409-0060,2024-09-16,Larsen Brass & Bronze,USA,HRD118902,1/2 IN COPPER TYPE L HARD TUBE 10FT,366,19.13,0.00,0.00,19.13,USD,100812,2024-10-05,2024-10-02,330
PO-202409-0061,2024-09-16,Anhui Precision Fittings,China,HRD874019,4 IN CAST IRON NO-HUB COUPLING STAINLESS,283,6.98,0.54,0.87,8.39,USD,100349,2024-11-08,2024-11-12,265
PO-202409-0062,2024-09-17,Anhui Precision Fittings,China,HRD248813,1-1/4 IN GALVANIZED STEEL NIPPLE 6 IN,1810,1.44,0.11,0.18,1.73,USD,100205,2024-11-09,2024-11-20,1810
PO-202409-0063,2024-09-17,Gulf States Polymer,USA,HRD290145,2 IN PVC DWV SANITARY TEE HUB,1758,4.74,0.00,0.00,4.74,USD,100571,2024-10-30,2024-10-29,1707
PO-202409-0064,2024-09-18,Nordflow Valve Works,Germany,HRD772310,3/4 IN BRASS BALL VALVE FULL PORT THREADED,593,10.66,0.54,0.29,11.49,USD,100571,2024-10-16,2024-10-13,593
PO-202409-0065,2024-09-21,Gulf States Polymer,USA,HRD304148,3/4 IN CPVC 90 DEG ELBOW SOCKET,2499,6.77,0.00,0.00,6.77,USD,100933,2024-11-03,2024-11-04,2499
PO-202409-0066,2024-09-23,Cascade Copper Mills,USA,HRD107744,3/4 IN x 100FT SOFT COPPER COIL TYPE L,6,276.55,0.00,0.00,276.55,USD,100205,2024-10-10,2024-10-10,6
PO-202409-0067,2024-09-24,Gulf States Polymer,USA,HRD661204,1 IN PEX-A EXPANSION COUPLING BRASS,2063,2.39,0.00,0.00,2.39,USD,100649,2024-11-06,2024-11-04,2063
PO-202409-0068,2024-09-24,Anhui Precision Fittings,China,HRD874019,4 IN CAST IRON NO-HUB COUPLING STAINLESS,487,6.93,0.54,0.87,8.34,USD,100649,2024-11-16,2024-11-14,487
PO-202410-0069,2024-10-01,Anhui Precision Fittings,China,HRD290145,2 IN PVC DWV SANITARY TEE HUB,2550,3.94,0.31,0.49,4.74,USD,100649,2024-11-23,2024-11-29,2550
PO-202410-0070,2024-10-01,Gulf States Polymer,USA,HRD304148,3/4 IN CPVC 90 DEG ELBOW SOCKET,1842,6.89,0.00,0.00,6.89,USD,100933,2024-11-13,2024-11-13,1842
PO-202410-0071,2024-10-03,Larsen Brass & Bronze,USA,HRD772310,3/4 IN BRASS BALL VALVE FULL PORT THREADED,450,11.41,0.00,0.00,11.41,USD,100933,2024-10-22,2024-10-24,450
PO-202410-0072,2024-10-03,Anhui Precision Fittings,China,HRD874019,4 IN CAST IRON NO-HUB COUPLING STAINLESS,439,6.80,0.53,0.85,8.18,USD,100205,2024-11-25,2024-11-22,439
PO-202410-0073,2024-10-04,Larsen Brass & Bronze,USA,HRD335590,CHROME LAVATORY FAUCET 4 IN CENTERSET 2-HANDLE,127,100.41,0.00,0.00,100.41,USD,100117,2024-10-23,2024-10-22,127
PO-202410-0074,2024-10-07,Pacific Rim Tooling,Vietnam,HRD983377,3 TON 14 SEER AC CONDENSING UNIT R-410A,14,1250.97,101.33,77.56,1429.86,USD,100959,2024-11-14,2024-11-14,14
PO-202410-0075,2024-10-09,Larsen Brass & Bronze,USA,HRD335590,CHROME LAVATORY FAUCET 4 IN CENTERSET 2-HANDLE,158,98.18,0.00,0.00,98.18,USD,100205,2024-10-28,2024-10-28,158
PO-202410-0076,2024-10-09,Thermaline Systems,Mexico,HRD512066,1/2 IN x 300FT PEX-B TUBING RED,112,60.92,1.46,0.00,62.38,USD,100047,2024-11-17,2024-11-15,112
PO-202410-0077,2024-10-10,Thermaline Systems,Mexico,HRD983377,3 TON 14 SEER AC CONDENSING UNIT R-410A,11,1466.65,35.20,0.00,1501.85,USD,100571,2024-11-18,2024-11-19,11
PO-202410-0078,2024-10-12,Kotara Steel Products,India,HRD248813,1-1/4 IN GALVANIZED STEEL NIPPLE 6 IN,2468,1.54,0.13,0.09,1.76,USD,100349,2024-12-24,2024-12-24,2468
PO-202410-0079,2024-10-13,Larsen Brass & Bronze,USA,HRD335590,CHROME LAVATORY FAUCET 4 IN CENTERSET 2-HANDLE,113,96.84,0.00,0.00,96.84,USD,100047,2024-11-01,2024-10-31,113
PO-202410-0080,2024-10-13,Thermaline Systems,Mexico,HRD450871,40 GAL NATURAL GAS WATER HEATER 40 MBH,16,487.98,11.71,0.00,499.69,USD,100812,2024-11-21,2024-11-20,16
PO-202410-0081,2024-10-14,Larsen Brass & Bronze,USA,HRD661204,1 IN PEX-A EXPANSION COUPLING BRASS,3020,2.40,0.00,0.00,2.40,USD,100649,2024-11-02,2024-11-01,3020
PO-202410-0082,2024-10-14,Anhui Precision Fittings,China,HRD772310,3/4 IN BRASS BALL VALVE FULL PORT THREADED,342,9.49,0.74,1.19,11.42,USD,100649,2024-12-06,2024-12-03,342
PO-202410-0083,2024-10-15,Pacific Rim Tooling,Vietnam,HRD118902,1/2 IN COPPER TYPE L HARD TUBE 10FT,309,16.73,1.36,1.04,19.13,USD,100117,2024-11-22,2024-11-19,309
PO-202410-0084,2024-10-15,Anhui Precision Fittings,China,HRD874019,4 IN CAST IRON NO-HUB COUPLING STAINLESS,432,6.82,0.53,0.85,8.20,USD,100649,2024-12-07,2024-12-04,432
PO-202410-0085,2024-10-16,Anhui Precision Fittings,China,HRD248813,1-1/4 IN GALVANIZED STEEL NIPPLE 6 IN,2276,1.47,0.11,0.18,1.76,USD,100117,2024-12-08,2024-12-19,2276
PO-202410-0086,2024-10-16,Kotara Steel Products,India,HRD450871,40 GAL NATURAL GAS WATER HEATER 40 MBH,11,451.86,37.96,26.21,516.03,USD,100349,2024-12-28,2025-01-02,11
PO-202410-0087,2024-10-18,Thermaline Systems,Mexico,HRD304148,3/4 IN CPVC 90 DEG ELBOW SOCKET,2209,7.01,0.17,0.00,7.18,USD,100117,2024-11-26,2024-11-23,2209
PO-202410-0088,2024-10-20,Thermaline Systems,Mexico,HRD450871,40 GAL NATURAL GAS WATER HEATER 40 MBH,9,508.95,12.21,0.00,521.16,USD,100571,2024-11-28,2024-11-26,9
PO-202410-0089,2024-10-21,Cascade Copper Mills,USA,HRD107744,3/4 IN x 100FT SOFT COPPER COIL TYPE L,13,285.63,0.00,0.00,285.63,USD,100205,2024-11-07,2024-11-05,13
PO-202410-0090,2024-10-22,Gulf States Polymer,USA,HRD290145,2 IN PVC DWV SANITARY TEE HUB,1918,4.53,0.00,0.00,4.53,USD,100959,2024-12-04,2024-12-04,1918
PO-202410-0091,2024-10-22,Nordflow Valve Works,Germany,HRD772310,3/4 IN BRASS BALL VALVE FULL PORT THREADED,594,10.80,0.55,0.29,11.64,USD,100117,2024-11-19,2024-11-19,594
PO-202410-0092,2024-10-23,Gulf States Polymer,USA,HRD304148,3/4 IN CPVC 90 DEG ELBOW SOCKET,1311,6.95,0.00,0.00,6.95,USD,100571,2024-12-05,2024-12-08,1311
PO-202410-0093,2024-10-24,Pacific Rim Tooling,Vietnam,HRD118902,1/2 IN COPPER TYPE L HARD TUBE 10FT,426,16.50,1.34,1.02,18.86,USD,100047,2024-12-01,2024-11-29,426
PO-202410-0094,2024-10-25,Pacific Rim Tooling,Vietnam,HRD983377,3 TON 14 SEER AC CONDENSING UNIT R-410A,5,1263.55,102.35,78.34,1444.24,USD,100047,2024-12-02,2024-11-29,5
PO-202411-0095,2024-11-07,Thermaline Systems,Mexico,HRD248813,1-1/4 IN GALVANIZED STEEL NIPPLE 6 IN,1565,1.66,0.04,0.00,1.70,USD,100047,2024-12-16,2024-12-15,1565
PO-202411-0096,2024-11-10,Cascade Copper Mills,USA,HRD118902,1/2 IN COPPER TYPE L HARD TUBE 10FT,340,19.43,0.00,0.00,19.43,USD,100933,2024-11-27,2024-11-25,340
PO-202411-0097,2024-11-10,Kotara Steel Products,India,HRD874019,4 IN CAST IRON NO-HUB COUPLING STAINLESS,595,7.31,0.61,0.42,8.34,USD,100959,2025-01-22,2025-01-20,595
PO-202411-0098,2024-11-11,Cascade Copper Mills,USA,HRD107744,3/4 IN x 100FT SOFT COPPER COIL TYPE L,13,279.83,0.00,0.00,279.83,USD,100812,2024-11-28,2024-12-05,13
PO-202411-0099,2024-11-13,Thermaline Systems,Mexico,HRD290145,2 IN PVC DWV SANITARY TEE HUB,1853,4.50,0.11,0.00,4.61,USD,100649,2024-12-22,2024-12-20,1853
PO-202411-0100,2024-11-14,Kotara Steel Products,India,HRD248813,1-1/4 IN GALVANIZED STEEL NIPPLE 6 IN,2372,1.56,0.13,0.09,1.78,USD,100205,2025-01-26,2025-01-30,2285
PO-202411-0101,2024-11-16,Nordflow Valve Works,Germany,HRD772310,3/4 IN BRASS BALL VALVE FULL PORT THREADED,389,10.68,0.54,0.29,11.51,USD,100205,2024-12-14,2024-12-13,389
PO-202411-0102,2024-11-17,Kotara Steel Products,India,HRD450871,40 GAL NATURAL GAS WATER HEATER 40 MBH,15,444.80,37.36,25.80,507.96,USD,100933,2025-01-29,2025-02-04,15
PO-202411-0103,2024-11-17,Gulf States Polymer,USA,HRD661204,1 IN PEX-A EXPANSION COUPLING BRASS,2168,2.41,0.00,0.00,2.41,USD,100205,2024-12-30,2025-01-05,2168
PO-202411-0104,2024-11-17,Pacific Rim Tooling,Vietnam,HRD983377,3 TON 14 SEER AC CONDENSING UNIT R-410A,9,1320.84,106.99,81.89,1509.72,USD,100117,2024-12-25,2024-12-24,9
PO-202411-0105,2024-11-18,Pacific Rim Tooling,Vietnam,HRD983377,3 TON 14 SEER AC CONDENSING UNIT R-410A,10,1289.07,104.41,79.92,1473.40,USD,100047,2024-12-26,2024-12-23,10
PO-202411-0106,2024-11-19,Thermaline Systems,Mexico,HRD512066,1/2 IN x 300FT PEX-B TUBING RED,110,62.81,1.51,0.00,64.32,USD,100571,2024-12-28,2024-12-26,110
PO-202411-0107,2024-11-20,Cascade Copper Mills,USA,HRD107744,3/4 IN x 100FT SOFT COPPER COIL TYPE L,9,285.71,0.00,0.00,285.71,USD,100205,2024-12-07,2024-12-07,9
PO-202411-0108,2024-11-20,Gulf States Polymer,USA,HRD304148,3/4 IN CPVC 90 DEG ELBOW SOCKET,1882,6.81,0.00,0.00,6.81,USD,100349,2025-01-02,2025-01-12,1882
PO-202411-0109,2024-11-22,Kotara Steel Products,India,HRD874019,4 IN CAST IRON NO-HUB COUPLING STAINLESS,293,7.08,0.59,0.41,8.08,USD,100933,2025-02-03,2025-02-11,293
PO-202411-0110,2024-11-23,Larsen Brass & Bronze,USA,HRD335590,CHROME LAVATORY FAUCET 4 IN CENTERSET 2-HANDLE,120,95.93,0.00,0.00,95.93,USD,100117,2024-12-12,2024-12-23,120
PO-202411-0111,2024-11-23,Larsen Brass & Bronze,USA,HRD335590,CHROME LAVATORY FAUCET 4 IN CENTERSET 2-HANDLE,126,95.77,0.00,0.00,95.77,USD,100047,2024-12-12,2024-12-10,126
PO-202411-0112,2024-11-24,Larsen Brass & Bronze,USA,HRD107744,3/4 IN x 100FT SOFT COPPER COIL TYPE L,9,288.28,0.00,0.00,288.28,USD,100649,2024-12-13,2024-12-11,9
PO-202411-0113,2024-11-25,Thermaline Systems,Mexico,HRD290145,2 IN PVC DWV SANITARY TEE HUB,1647,4.64,0.11,0.00,4.75,USD,100812,2025-01-03,2024-12-31,1647
PO-202412-0114,2024-12-01,Nordflow Valve Works,Germany,HRD772310,3/4 IN BRASS BALL VALVE FULL PORT THREADED,545,10.98,0.56,0.30,11.84,USD,100047,2024-12-29,2024-12-30,545
PO-202412-0115,2024-12-02,Cascade Copper Mills,USA,HRD118902,1/2 IN COPPER TYPE L HARD TUBE 10FT,415,19.14,0.00,0.00,19.14,USD,100649,2024-12-19,2024-12-18,415
PO-202412-0116,2024-12-02,Pacific Rim Tooling,Vietnam,HRD335590,CHROME LAVATORY FAUCET 4 IN CENTERSET 2-HANDLE,120,84.80,6.87,5.26,96.93,USD,100933,2025-01-09,2025-01-06,120
PO-202412-0117,2024-12-04,Gulf States Polymer,USA,HRD290145,2 IN PVC DWV SANITARY TEE HUB,1659,4.81,0.00,0.00,4.81,USD,100649,2025-01-16,2025-01-15,1659
PO-202412-0118,2024-12-04,Thermaline Systems,Mexico,HRD304148,3/4 IN CPVC 90 DEG ELBOW SOCKET,1621,6.83,0.16,0.00,6.99,USD,100649,2025-01-12,2025-01-09,1621
PO-202412-0119,2024-12-05,Thermaline Systems,Mexico,HRD512066,1/2 IN x 300FT PEX-B TUBING RED,88,64.66,1.55,0.00,66.21,USD,100349,2025-01-13,2025-01-25,88
PO-202412-0120,2024-12-05,Pacific Rim Tooling,Vietnam,HRD983377,3 TON 14 SEER AC CONDENSING UNIT R-410A,8,1286.05,104.17,79.74,1469.96,USD,100933,2025-01-12,2025-01-09,8
PO-202412-0121,2024-12-08,Kotara Steel Products,India,HRD450871,40 GAL NATURAL GAS WATER HEATER 40 MBH,17,437.20,36.72,25.36,499.28,USD,100812,2025-02-19,2025-02-19,17
PO-202412-0122,2024-12-09,Thermaline Systems,Mexico,HRD304148,3/4 IN CPVC 90 DEG ELBOW SOCKET,1463,6.90,0.17,0.00,7.07,USD,100571,2025-01-17,2025-01-18,1463
PO-202412-0123,2024-12-09,Kotara Steel Products,India,HRD450871,40 GAL NATURAL GAS WATER HEATER 40 MBH,13,437.83,36.78,25.39,500.00,USD,100205,2025-02-20,2025-02-18,13
PO-202412-0124,2024-12-13,Cascade Copper Mills,USA,HRD118902,1/2 IN COPPER TYPE L HARD TUBE 10FT,387,19.18,0.00,0.00,19.18,USD,100349,2024-12-30,2024-12-29,387
PO-202412-0125,2024-12-14,Cascade Copper Mills,USA,HRD118902,1/2 IN COPPER TYPE L HARD TUBE 10FT,431,19.72,0.00,0.00,19.72,USD,100117,2024-12-31,2024-12-30,431
PO-202412-0126,2024-12-14,Pacific Rim Tooling,Vietnam,HRD983377,3 TON 14 SEER AC CONDENSING UNIT R-410A,8,1316.14,106.61,81.60,1504.35,USD,100649,2025-01-21,2025-01-18,8
PO-202412-0127,2024-12-15,Larsen Brass & Bronze,USA,HRD335590,CHROME LAVATORY FAUCET 4 IN CENTERSET 2-HANDLE,123,100.09,0.00,0.00,100.09,USD,100812,2025-01-03,2025-01-07,123
PO-202412-0128,2024-12-16,Cascade Copper Mills,USA,HRD107744,3/4 IN x 100FT SOFT COPPER COIL TYPE L,16,283.80,0.00,0.00,283.80,USD,100205,2025-01-02,2025-01-01,16
PO-202412-0129,2024-12-17,Gulf States Polymer,USA,HRD304148,3/4 IN CPVC 90 DEG ELBOW SOCKET,1596,7.21,0.00,0.00,7.21,USD,100047,2025-01-29,2025-02-02,1596
PO-202412-0130,2024-12-18,Larsen Brass & Bronze,USA,HRD661204,1 IN PEX-A EXPANSION COUPLING BRASS,2882,2.42,0.00,0.00,2.42,USD,100933,2025-01-06,2025-01-14,2882
PO-202412-0131,2024-12-19,Kotara Steel Products,India,HRD874019,4 IN CAST IRON NO-HUB COUPLING STAINLESS,570,7.50,0.63,0.44,8.57,USD,100349,2025-03-02,2025-02-28,570
PO-202412-0132,2024-12-20,Cascade Copper Mills,USA,HRD107744,3/4 IN x 100FT SOFT COPPER COIL TYPE L,10,286.79,0.00,0.00,286.79,USD,100649,2025-01-06,2025-01-17,10
PO-202412-0133,2024-12-20,Anhui Precision Fittings,China,HRD290145,2 IN PVC DWV SANITARY TEE HUB,1084,4.01,0.31,0.50,4.82,USD,100571,2025-02-11,2025-02-14,1084
PO-202412-0134,2024-12-20,Pacific Rim Tooling,Vietnam,HRD335590,CHROME LAVATORY FAUCET 4 IN CENTERSET 2-HANDLE,79,86.37,7.00,5.35,98.72,USD,100649,2025-01-27,2025-01-25,79
PO-202412-0135,2024-12-22,Kotara Steel Products,India,HRD248813,1-1/4 IN GALVANIZED STEEL NIPPLE 6 IN,2054,1.56,0.13,0.09,1.78,USD,100205,2025-03-05,2025-03-03,2054
PO-202412-0136,2024-12-22,Nordflow Valve Works,Germany,HRD772310,3/4 IN BRASS BALL VALVE FULL PORT THREADED,553,10.89,0.56,0.29,11.74,USD,100959,2025-01-19,2025-01-17,553
PO-202412-0137,2024-12-23,Kotara Steel Products,India,HRD874019,4 IN CAST IRON NO-HUB COUPLING STAINLESS,421,7.14,0.60,0.41,8.15,USD,100959,2025-03-06,2025-03-06,421
PO-202412-0138,2024-12-23,Thermaline Systems,Mexico,HRD983377,3 TON 14 SEER AC CONDENSING UNIT R-410A,8,1463.70,35.13,0.00,1498.83,USD,100349,2025-01-31,2025-01-29,8
PO-202412-0139,2024-12-25,Kotara Steel Products,India,HRD248813,1-1/4 IN GALVANIZED STEEL NIPPLE 6 IN,2647,1.51,0.13,0.09,1.73,USD,100349,2025-03-08,2025-03-08,2647
PO-202412-0140,2024-12-25,Anhui Precision Fittings,China,HRD290145,2 IN PVC DWV SANITARY TEE HUB,1465,3.96,0.31,0.50,4.77,USD,100205,2025-02-16,2025-02-14,1465
PO-202501-0141,2025-01-01,Gulf States Polymer,USA,HRD512066,1/2 IN x 300FT PEX-B TUBING RED,67,63.77,0.00,0.00,63.77,USD,100349,2025-02-13,2025-02-10,64
PO-202501-0142,2025-01-01,Pacific Rim Tooling,Vietnam,HRD900002,SMART THERMOSTAT WIFI 24V C-WIRE (NEW SKU),184,76.81,6.22,4.76,87.79,USD,100933,2025-02-08,2025-02-05,184
PO-202501-0143,2025-01-02,Anhui Precision Fittings,China,HRD900003,2 IN STAINLESS PRESS COUPLING 316L (NEW SKU),111,23.19,1.81,2.90,27.90,USD,100959,2025-02-24,2025-02-28,111
PO-202501-0144,2025-01-04,Thermaline Systems,Mexico,HRD304148,3/4 IN CPVC 90 DEG ELBOW SOCKET,1313,6.85,0.16,0.00,7.01,USD,100959,2025-02-12,2025-02-09,1313
PO-202501-0145,2025-01-04,Gulf States Polymer,USA,HRD512066,1/2 IN x 300FT PEX-B TUBING RED,72,66.44,0.00,0.00,66.44,USD,100571,2025-02-16,2025-02-15,72
PO-202501-0146,2025-01-05,Larsen Brass & Bronze,USA,HRD335590,CHROME LAVATORY FAUCET 4 IN CENTERSET 2-HANDLE,148,101.36,0.00,0.00,101.36,USD,100933,2025-01-24,2025-01-23,148
PO-202501-0147,2025-01-05,Thermaline Systems,Mexico,HRD450871,40 GAL NATURAL GAS WATER HEATER 40 MBH,19,499.70,11.99,0.00,511.69,USD,100933,2025-02-13,2025-02-12,19
PO-202501-0148,2025-01-06,Cascade Copper Mills,USA,HRD118902,1/2 IN COPPER TYPE L HARD TUBE 10FT,453,18.93,0.00,0.00,18.93,USD,100649,2025-01-23,2025-01-23,453
PO-202501-0149,2025-01-06,Anhui Precision Fittings,China,HRD248813,1-1/4 IN GALVANIZED STEEL NIPPLE 6 IN,1737,1.43,0.11,0.18,1.72,USD,100959,2025-02-28,2025-02-25,1737
PO-202501-0150,2025-01-07,Cascade Copper Mills,USA,HRD107744,3/4 IN x 100FT SOFT COPPER COIL TYPE L,9,285.34,0.00,0.00,285.34,USD,100933,2025-01-24,2025-01-31,9
PO-202501-0151,2025-01-07,Gulf States Polymer,USA,HRD290145,2 IN PVC DWV SANITARY TEE HUB,1450,4.70,0.00,0.00,4.70,USD,100649,2025-02-19,2025-02-18,1450
PO-202501-0152,2025-01-10,Kotara Steel Products,India,HRD874019,4 IN CAST IRON NO-HUB COUPLING STAINLESS,547,7.19,0.60,0.42,8.21,USD,100205,2025-03-24,2025-03-22,547
PO-202501-0153,2025-01-11,Cascade Copper Mills,USA,HRD118902,1/2 IN COPPER TYPE L HARD TUBE 10FT,416,19.14,0.00,0.00,19.14,USD,100933,2025-01-28,2025-02-03,416
PO-202501-0154,2025-01-14,Pacific Rim Tooling,Vietnam,HRD900002,SMART THERMOSTAT WIFI 24V C-WIRE (NEW SKU),162,74.58,6.04,4.62,85.24,USD,100812,2025-02-21,2025-02-18,162
PO-202501-0155,2025-01-15,Thermaline Systems,Mexico,HRD983377,3 TON 14 SEER AC CONDENSING UNIT R-410A,10,1476.15,35.43,0.00,1511.58,USD,100205,2025-02-23,2025-02-20,10
PO-202501-0156,2025-01-16,Larsen Brass & Bronze,USA,HRD661204,1 IN PEX-A EXPANSION COUPLING BRASS,2388,2.36,0.00,0.00,2.36,USD,100205,2025-02-04,2025-02-08,2388
PO-202501-0157,2025-01-16,Nordflow Valve Works,Germany,HRD772310,3/4 IN BRASS BALL VALVE FULL PORT THREADED,398,11.04,0.56,0.30,11.90,USD,100959,2025-02-13,2025-02-12,398
PO-202501-0158,2025-01-16,Kotara Steel Products,India,HRD900001,6 IN DUCTILE IRON MJ GATE VALVE (NEW SKU),7,542.52,45.57,31.47,619.56,USD,100959,2025-03-30,2025-03-27,7
PO-202501-0159,2025-01-17,Thermaline Systems,Mexico,HRD450871,40 GAL NATURAL GAS WATER HEATER 40 MBH,13,513.65,12.33,0.00,525.98,USD,100117,2025-02-25,2025-03-08,13
PO-202501-0160,2025-01-18,Kotara Steel Products,India,HRD248813,1-1/4 IN GALVANIZED STEEL NIPPLE 6 IN,3103,1.55,0.13,0.09,1.77,USD,100117,2025-04-01,2025-03-29,3103
PO-202501-0161,2025-01-18,Anhui Precision Fittings,China,HRD661204,1 IN PEX-A EXPANSION COUPLING BRASS,2013,2.02,0.16,0.25,2.43,USD,100117,2025-03-12,2025-03-16,2013
PO-202501-0162,2025-01-18,Nordflow Valve Works,Germany,HRD772310,3/4 IN BRASS BALL VALVE FULL PORT THREADED,405,10.84,0.55,0.29,11.68,USD,100349,2025-02-15,2025-02-12,405
PO-202501-0163,2025-01-19,Cascade Copper Mills,USA,HRD107744,3/4 IN x 100FT SOFT COPPER COIL TYPE L,7,293.54,0.00,0.00,293.54,USD,100959,2025-02-05,2025-02-16,7
PO-202501-0164,2025-01-19,Gulf States Polymer,USA,HRD304148,3/4 IN CPVC 90 DEG ELBOW SOCKET,1353,7.10,0.00,0.00,7.10,USD,100205,2025-03-03,2025-03-07,1353
PO-202501-0165,2025-01-20,Anhui Precision Fittings,China,HRD107744,3/4 IN x 100FT SOFT COPPER COIL TYPE L,13,244.89,19.10,30.61,294.60,USD,100349,2025-03-14,2025-03-14,13
PO-202501-0166,2025-01-22,Gulf States Polymer,USA,HRD304148,3/4 IN CPVC 90 DEG ELBOW SOCKET,1536,6.90,0.00,0.00,6.90,USD,100812,2025-03-06,2025-03-06,1536
PO-202501-0167,2025-01-22,Nordflow Valve Works,Germany,HRD772310,3/4 IN BRASS BALL VALVE FULL PORT THREADED,624,10.94,0.56,0.30,11.80,USD,100933,2025-02-19,2025-02-17,624
PO-202501-0168,2025-01-22,Nordflow Valve Works,Germany,HRD900001,6 IN DUCTILE IRON MJ GATE VALVE (NEW SKU),8,562.81,28.70,15.20,606.71,USD,100649,2025-02-19,2025-02-23,8
PO-202501-0169,2025-01-23,Kotara Steel Products,India,HRD900001,6 IN DUCTILE IRON MJ GATE VALVE (NEW SKU),4,551.89,46.36,32.01,630.26,USD,100047,2025-04-06,2025-04-10,4
PO-202501-0170,2025-01-24,Thermaline Systems,Mexico,HRD248813,1-1/4 IN GALVANIZED STEEL NIPPLE 6 IN,2405,1.69,0.04,0.00,1.73,USD,100933,2025-03-04,2025-03-02,2405
PO-202501-0171,2025-01-24,Pacific Rim Tooling,Vietnam,HRD900002,SMART THERMOSTAT WIFI 24V C-WIRE (NEW SKU),152,76.52,6.20,4.74,87.46,USD,100649,2025-03-03,2025-03-13,147
PO-202501-0172,2025-01-25,Thermaline Systems,Mexico,HRD512066,1/2 IN x 300FT PEX-B TUBING RED,92,64.34,1.54,0.00,65.88,USD,100205,2025-03-05,2025-03-08,92
PO-202502-0173,2025-02-02,Larsen Brass & Bronze,USA,HRD335590,CHROME LAVATORY FAUCET 4 IN CENTERSET 2-HANDLE,98,97.32,0.00,0.00,97.32,USD,100117,2025-02-21,2025-02-20,98
PO-202502-0174,2025-02-04,Kotara Steel Products,India,HRD248813,1-1/4 IN GALVANIZED STEEL NIPPLE 6 IN,2238,1.55,0.13,0.09,1.77,USD,100649,2025-04-18,2025-04-17,2238
PO-202502-0175,2025-02-04,Anhui Precision Fittings,China,HRD290145,2 IN PVC DWV SANITARY TEE HUB,1580,3.90,0.30,0.49,4.69,USD,100649,2025-03-29,2025-03-26,1355
PO-202502-0176,2025-02-04,Anhui Precision Fittings,China,HRD874019,4 IN CAST IRON NO-HUB COUPLING STAINLESS,495,6.94,0.54,0.87,8.35,USD,100649,2025-03-29,2025-03-26,495
PO-202502-0177,2025-02-06,Thermaline Systems,Mexico,HRD983377,3 TON 14 SEER AC CONDENSING UNIT R-410A,11,1450.57,34.81,0.00,1485.38,USD,100959,2025-03-17,2025-03-16,11
PO-202502-0178,2025-02-09,Nordflow Valve Works,Germany,HRD772310,3/4 IN BRASS BALL VALVE FULL PORT THREADED,534,10.64,0.54,0.29,11.47,USD,100812,2025-03-09,2025-03-07,534
PO-202502-0179,2025-02-10,Thermaline Systems,Mexico,HRD450871,40 GAL NATURAL GAS WATER HEATER 40 MBH,18,507.98,12.19,0.00,520.17,USD,100812,2025-03-21,2025-03-21,18
PO-202502-0180,2025-02-10,Larsen Brass & Bronze,USA,HRD661204,1 IN PEX-A EXPANSION COUPLING BRASS,3157,2.38,0.00,0.00,2.38,USD,100649,2025-03-01,2025-03-01,3157
PO-202502-0181,2025-02-11,Cascade Copper Mills,USA,HRD107744,3/4 IN x 100FT SOFT COPPER COIL TYPE L,11,289.03,0.00,0.00,289.03,USD,100047,2025-02-28,2025-02-28,11
PO-202502-0182,2025-02-11,Gulf States Polymer,USA,HRD304148,3/4 IN CPVC 90 DEG ELBOW SOCKET,1716,7.16,0.00,0.00,7.16,USD,100349,2025-03-26,2025-04-06,1716
PO-202502-0183,2025-02-11,Kotara Steel Products,India,HRD874019,4 IN CAST IRON NO-HUB COUPLING STAINLESS,560,7.24,0.61,0.42,8.27,USD,100205,2025-04-25,2025-04-25,560
PO-202502-0184,2025-02-12,Thermaline Systems,Mexico,HRD248813,1-1/4 IN GALVANIZED STEEL NIPPLE 6 IN,2340,1.76,0.04,0.00,1.80,USD,100933,2025-03-23,2025-03-29,2340
PO-202502-0185,2025-02-13,Nordflow Valve Works,Germany,HRD900003,2 IN STAINLESS PRESS COUPLING 316L (NEW SKU),128,26.71,1.36,0.72,28.79,USD,100649,2025-03-13,2025-03-11,128
PO-202502-0186,2025-02-14,Kotara Steel Products,India,HRD450871,40 GAL NATURAL GAS WATER HEATER 40 MBH,10,459.29,38.58,26.64,524.51,USD,100933,2025-04-28,2025-04-26,10
PO-202502-0187,2025-02-15,Kotara Steel Products,India,HRD874019,4 IN CAST IRON NO-HUB COUPLING STAINLESS,523,7.32,0.61,0.42,8.35,USD,100117,2025-04-29,2025-04-26,523
PO-202502-0188,2025-02-15,Kotara Steel Products,India,HRD900001,6 IN DUCTILE IRON MJ GATE VALVE (NEW SKU),5,557.06,46.79,32.31,636.16,USD,100933,2025-04-29,2025-05-04,5
PO-202502-0189,2025-02-15,Nordflow Valve Works,Germany,HRD900001,6 IN DUCTILE IRON MJ GATE VALVE (NEW SKU),3,575.35,29.34,15.53,620.22,USD,100571,2025-03-15,2025-03-14,3
PO-202502-0190,2025-02-15,Pacific Rim Tooling,Vietnam,HRD900002,SMART THERMOSTAT WIFI 24V C-WIRE (NEW SKU),167,75.17,6.09,4.66,85.92,USD,100812,2025-03-25,2025-03-28,167
PO-202502-0191,2025-02-16,Cascade Copper Mills,USA,HRD118902,1/2 IN COPPER TYPE L HARD TUBE 10FT,572,19.41,0.00,0.00,19.41,USD,100649,2025-03-05,2025-03-10,572
PO-202502-0192,2025-02-18,Pacific Rim Tooling,Vietnam,HRD983377,3 TON 14 SEER AC CONDENSING UNIT R-410A,8,1338.25,108.40,82.97,1529.62,USD,100571,2025-03-28,2025-04-06,8
PO-202502-0193,2025-02-20,Thermaline Systems,Mexico,HRD248813,1-1/4 IN GALVANIZED STEEL NIPPLE 6 IN,1755,1.75,0.04,0.00,1.79,USD,100205,2025-03-31,2025-03-29,1755
PO-202502-0194,2025-02-21,Thermaline Systems,Mexico,HRD304148,3/4 IN CPVC 90 DEG ELBOW SOCKET,1750,6.74,0.16,0.00,6.90,USD,100959,2025-04-01,2025-04-01,1750
PO-202502-0195,2025-02-21,Thermaline Systems,Mexico,HRD512066,1/2 IN x 300FT PEX-B TUBING RED,118,63.95,1.53,0.00,65.48,USD,100117,2025-04-01,2025-04-01,118
PO-202502-0196,2025-02-24,Nordflow Valve Works,Germany,HRD900001,6 IN DUCTILE IRON MJ GATE VALVE (NEW SKU),2,567.99,28.97,15.34,612.30,USD,100117,2025-03-24,2025-03-28,2
PO-202502-0197,2025-02-25,Anhui Precision Fittings,China,HRD335590,CHROME LAVATORY FAUCET 4 IN CENTERSET 2-HANDLE,101,83.33,6.50,10.42,100.25,USD,100571,2025-04-19,2025-04-23,101
PO-202503-0198,2025-03-01,Cascade Copper Mills,USA,HRD118902,1/2 IN COPPER TYPE L HARD TUBE 10FT,557,19.98,0.00,0.00,19.98,USD,100571,2025-03-18,2025-03-17,557
PO-202503-0199,2025-03-01,Pacific Rim Tooling,Vietnam,HRD900002,SMART THERMOSTAT WIFI 24V C-WIRE (NEW SKU),140,77.47,6.28,4.80,88.55,USD,100959,2025-04-08,2025-04-12,140
PO-202503-0200,2025-03-01,Thermaline Systems,Mexico,HRD900002,SMART THERMOSTAT WIFI 24V C-WIRE (NEW SKU),110,83.47,2.00,0.00,85.47,USD,100205,2025-04-09,2025-04-06,110
PO-202503-0201,2025-03-02,Pacific Rim Tooling,Vietnam,HRD335590,CHROME LAVATORY FAUCET 4 IN CENTERSET 2-HANDLE,65,88.31,7.15,5.48,100.94,USD,100959,2025-04-09,2025-04-06,65
PO-202503-0202,2025-03-02,Anhui Precision Fittings,China,HRD772310,3/4 IN BRASS BALL VALVE FULL PORT THREADED,307,9.99,0.78,1.25,12.02,USD,100571,2025-04-24,2025-04-21,307
PO-202503-0203,2025-03-03,Cascade Copper Mills,USA,HRD107744,3/4 IN x 100FT SOFT COPPER COIL TYPE L,9,284.34,0.00,0.00,284.34,USD,100205,2025-03-20,2025-03-19,9
PO-202503-0204,2025-03-04,Larsen Brass & Bronze,USA,HRD335590,CHROME LAVATORY FAUCET 4 IN CENTERSET 2-HANDLE,129,101.31,0.00,0.00,101.31,USD,100047,2025-03-23,2025-03-28,129
PO-202503-0205,2025-03-04,Thermaline Systems,Mexico,HRD512066,1/2 IN x 300FT PEX-B TUBING RED,104,65.64,1.58,0.00,67.22,USD,100117,2025-04-12,2025-04-09,104
PO-202503-0206,2025-03-05,Kotara Steel Products,India,HRD874019,4 IN CAST IRON NO-HUB COUPLING STAINLESS,406,7.34,0.62,0.43,8.39,USD,100349,2025-05-17,2025-05-24,406
PO-202503-0207,2025-03-06,Cascade Copper Mills,USA,HRD118902,1/2 IN COPPER TYPE L HARD TUBE 10FT,454,19.54,0.00,0.00,19.54,USD,100812,2025-03-23,2025-03-23,454
PO-202503-0208,2025-03-07,Kotara Steel Products,India,HRD900001,6 IN DUCTILE IRON MJ GATE VALVE (NEW SKU),11,548.26,46.05,31.80,626.11,USD,100117,2025-05-19,2025-05-19,11
PO-202503-0209,2025-03-10,Kotara Steel Products,India,HRD248813,1-1/4 IN GALVANIZED STEEL NIPPLE 6 IN,2087,1.58,0.13,0.09,1.80,USD,100205,2025-05-22,2025-05-22,2087
PO-202503-0210,2025-03-10,Pacific Rim Tooling,Vietnam,HRD900002,SMART THERMOSTAT WIFI 24V C-WIRE (NEW SKU),62,74.57,6.04,4.62,85.23,USD,100649,2025-04-17,2025-04-21,62
PO-202503-0211,2025-03-11,Cascade Copper Mills,USA,HRD107744,3/4 IN x 100FT SOFT COPPER COIL TYPE L,15,282.35,0.00,0.00,282.35,USD,100959,2025-03-28,2025-04-02,15
PO-202503-0212,2025-03-11,Thermaline Systems,Mexico,HRD248813,1-1/4 IN GALVANIZED STEEL NIPPLE 6 IN,1673,1.72,0.04,0.00,1.76,USD,100349,2025-04-19,2025-04-19,1673
PO-202503-0213,2025-03-11,Gulf States Polymer,USA,HRD290145,2 IN PVC DWV SANITARY TEE HUB,2800,4.78,0.00,0.00,4.78,USD,100349,2025-04-23,2025-04-27,2800
PO-202503-0214,2025-03-12,Thermaline Systems,Mexico,HRD304148,3/4 IN CPVC 90 DEG ELBOW SOCKET,1609,6.86,0.16,0.00,7.02,USD,100117,2025-04-20,2025-04-22,1609
PO-202503-0215,2025-03-12,Kotara Steel Products,India,HRD450871,40 GAL NATURAL GAS WATER HEATER 40 MBH,7,460.30,38.67,26.70,525.67,USD,100571,2025-05-24,2025-06-01,7
PO-202503-0216,2025-03-15,Kotara Steel Products,India,HRD900003,2 IN STAINLESS PRESS COUPLING 316L (NEW SKU),158,25.48,2.14,1.48,29.10,USD,100047,2025-05-27,2025-05-26,158
PO-202503-0217,2025-03-17,Nordflow Valve Works,Germany,HRD900003,2 IN STAINLESS PRESS COUPLING 316L (NEW SKU),112,27.14,1.38,0.73,29.25,USD,100933,2025-04-14,2025-04-11,112
PO-202503-0218,2025-03-18,Gulf States Polymer,USA,HRD304148,3/4 IN CPVC 90 DEG ELBOW SOCKET,1937,7.31,0.00,0.00,7.31,USD,100812,2025-04-30,2025-04-29,1937
PO-202503-0219,2025-03-19,Larsen Brass & Bronze,USA,HRD107744,3/4 IN x 100FT SOFT COPPER COIL TYPE L,12,295.32,0.00,0.00,295.32,USD,100117,2025-04-07,2025-04-04,11
PO-202503-0220,2025-03-19,Pacific Rim Tooling,Vietnam,HRD118902,1/2 IN COPPER TYPE L HARD TUBE 10FT,351,17.16,1.39,1.06,19.61,USD,100349,2025-04-26,2025-04-23,351
PO-202503-0221,2025-03-21,Nordflow Valve Works,Germany,HRD772310,3/4 IN BRASS BALL VALVE FULL PORT THREADED,375,10.61,0.54,0.29,11.44,USD,100933,2025-04-18,2025-04-18,327
PO-202503-0222,2025-03-22,Kotara Steel Products,India,HRD248813,1-1/4 IN GALVANIZED STEEL NIPPLE 6 IN,1998,1.53,0.13,0.09,1.75,USD,100649,2025-06-03,2025-06-14,1998
PO-202503-0223,2025-03-22,Anhui Precision Fittings,China,HRD874019,4 IN CAST IRON NO-HUB COUPLING STAINLESS,452,7.09,0.55,0.89,8.53,USD,100933,2025-05-14,2025-05-14,452
PO-202503-0224,2025-03-23,Larsen Brass & Bronze,USA,HRD335590,CHROME LAVATORY FAUCET 4 IN CENTERSET 2-HANDLE,44,100.03,0.00,0.00,100.03,USD,100933,2025-04-11,2025-04-11,44
PO-202503-0225,2025-03-24,Gulf States Polymer,USA,HRD661204,1 IN PEX-A EXPANSION COUPLING BRASS,1532,2.32,0.00,0.00,2.32,USD,100959,2025-05-06,2025-05-04,1532
PO-202503-0226,2025-03-25,Larsen Brass & Bronze,USA,HRD661204,1 IN PEX-A EXPANSION COUPLING BRASS,2916,2.33,0.00,0.00,2.33,USD,100117,2025-04-13,2025-04-13,2676
PO-202503-0227,2025-03-25,Nordflow Valve Works,Germany,HRD900001,6 IN DUCTILE IRON MJ GATE VALVE (NEW SKU),9,571.43,29.14,15.43,616.00,USD,100571,2025-04-22,2025-04-22,9
PO-202503-0228,2025-03-25,Kotara Steel Products,India,HRD900003,2 IN STAINLESS PRESS COUPLING 316L (NEW SKU),133,25.45,2.14,1.48,29.07,USD,100812,2025-06-06,2025-06-04,133
PO-202503-0229,2025-03-25,Thermaline Systems,Mexico,HRD983377,3 TON 14 SEER AC CONDENSING UNIT R-410A,14,1433.71,34.41,0.00,1468.12,USD,100349,2025-05-03,2025-05-08,14
PO-202504-0230,2025-04-01,Anhui Precision Fittings,China,HRD661204,1 IN PEX-A EXPANSION COUPLING BRASS,1359,2.01,0.16,0.25,2.42,USD,100959,2025-05-24,2025-05-27,1359
PO-202504-0231,2025-04-01,Kotara Steel Products,India,HRD874019,4 IN CAST IRON NO-HUB COUPLING STAINLESS,359,7.57,0.64,0.44,8.65,USD,100205,2025-06-13,2025-06-13,359
PO-202504-0232,2025-04-02,Cascade Copper Mills,USA,HRD118902,1/2 IN COPPER TYPE L HARD TUBE 10FT,466,20.08,0.00,0.00,20.08,USD,100117,2025-04-19,2025-04-18,466
PO-202504-0233,2025-04-02,Gulf States Polymer,USA,HRD290145,2 IN PVC DWV SANITARY TEE HUB,2071,4.85,0.00,0.00,4.85,USD,100349,2025-05-15,2025-05-21,2071
PO-202504-0234,2025-04-04,Larsen Brass & Bronze,USA,HRD335590,CHROME LAVATORY FAUCET 4 IN CENTERSET 2-HANDLE,115,101.58,0.00,0.00,101.58,USD,100649,2025-04-23,2025-04-20,115
PO-202504-0235,2025-04-04,Kotara Steel Products,India,HRD900003,2 IN STAINLESS PRESS COUPLING 316L (NEW SKU),76,25.84,2.17,1.50,29.51,USD,100117,2025-06-16,2025-06-13,69
PO-202504-0236,2025-04-05,Gulf States Polymer,USA,HRD290145,2 IN PVC DWV SANITARY TEE HUB,2040,4.90,0.00,0.00,4.90,USD,100812,2025-05-18,2025-05-15,2040
PO-202504-0237,2025-04-05,Pacific Rim Tooling,Vietnam,HRD900002,SMART THERMOSTAT WIFI 24V C-WIRE (NEW SKU),113,78.44,6.35,4.86,89.65,USD,100571,2025-05-13,2025-05-16,113
PO-202504-0238,2025-04-06,Cascade Copper Mills,USA,HRD107744,3/4 IN x 100FT SOFT COPPER COIL TYPE L,11,279.82,0.00,0.00,279.82,USD,100117,2025-04-23,2025-04-28,11
PO-202504-0239,2025-04-08,Kotara Steel Products,India,HRD900003,2 IN STAINLESS PRESS COUPLING 316L (NEW SKU),145,25.20,2.12,1.46,28.78,USD,100205,2025-06-20,2025-06-18,145
PO-202504-0240,2025-04-09,Anhui Precision Fittings,China,HRD248813,1-1/4 IN GALVANIZED STEEL NIPPLE 6 IN,1061,1.49,0.12,0.19,1.80,USD,100933,2025-06-01,2025-05-30,1061
PO-202504-0241,2025-04-09,Thermaline Systems,Mexico,HRD450871,40 GAL NATURAL GAS WATER HEATER 40 MBH,15,511.70,12.28,0.00,523.98,USD,100571,2025-05-18,2025-05-18,15
PO-202504-0242,2025-04-09,Larsen Brass & Bronze,USA,HRD772310,3/4 IN BRASS BALL VALVE FULL PORT THREADED,327,11.56,0.00,0.00,11.56,USD,100959,2025-04-28,2025-05-08,327
PO-202504-0243,2025-04-09,Nordflow Valve Works,Germany,HRD900001,6 IN DUCTILE IRON MJ GATE VALVE (NEW SKU),10,585.60,29.87,15.81,631.28,USD,100959,2025-05-07,2025-05-14,10
PO-202504-0244,2025-04-09,Pacific Rim Tooling,Vietnam,HRD900002,SMART THERMOSTAT WIFI 24V C-WIRE (NEW SKU),98,76.63,6.21,4.75,87.59,USD,100933,2025-05-17,2025-05-17,98
PO-202504-0245,2025-04-10,Cascade Copper Mills,USA,HRD107744,3/4 IN x 100FT SOFT COPPER COIL TYPE L,19,289.82,0.00,0.00,289.82,USD,100649,2025-04-27,2025-05-06,19
PO-202504-0246,2025-04-13,Kotara Steel Products,India,HRD450871,40 GAL NATURAL GAS WATER HEATER 40 MBH,10,463.73,38.95,26.90,529.58,USD,100205,2025-06-25,2025-06-23,10
PO-202504-0247,2025-04-13,Thermaline Systems,Mexico,HRD983377,3 TON 14 SEER AC CONDENSING UNIT R-410A,11,1446.61,34.72,0.00,1481.33,USD,100205,2025-05-22,2025-05-21,11
PO-202504-0248,2025-04-14,Anhui Precision Fittings,China,HRD661204,1 IN PEX-A EXPANSION COUPLING BRASS,1750,1.96,0.15,0.25,2.36,USD,100649,2025-06-06,2025-06-03,1750
PO-202504-0249,2025-04-17,Pacific Rim Tooling,Vietnam,HRD900002,SMART THERMOSTAT WIFI 24V C-WIRE (NEW SKU),137,76.12,6.17,4.72,87.01,USD,100649,2025-05-25,2025-05-24,137
PO-202504-0250,2025-04-18,Nordflow Valve Works,Germany,HRD900001,6 IN DUCTILE IRON MJ GATE VALVE (NEW SKU),12,583.43,29.75,15.75,628.93,USD,100812,2025-05-16,2025-05-15,12
PO-202504-0251,2025-04-19,Larsen Brass & Bronze,USA,HRD661204,1 IN PEX-A EXPANSION COUPLING BRASS,1716,2.45,0.00,0.00,2.45,USD,100933,2025-05-08,2025-05-10,1716
PO-202504-0252,2025-04-20,Kotara Steel Products,India,HRD248813,1-1/4 IN GALVANIZED STEEL NIPPLE 6 IN,1462,1.58,0.13,0.09,1.80,USD,100571,2025-07-02,2025-06-30,1462
PO-202504-0253,2025-04-20,Gulf States Polymer,USA,HRD512066,1/2 IN x 300FT PEX-B TUBING RED,92,66.11,0.00,0.00,66.11,USD,100959,2025-06-02,2025-06-02,92
PO-202504-0254,2025-04-20,Nordflow Valve Works,Germany,HRD900001,6 IN DUCTILE IRON MJ GATE VALVE (NEW SKU),10,600.62,30.63,16.22,647.47,USD,100047,2025-05-18,2025-05-18,9
PO-202504-0255,2025-04-20,Thermaline Systems,Mexico,HRD983377,3 TON 14 SEER AC CONDENSING UNIT R-410A,12,1508.79,36.21,0.00,1545.00,USD,100812,2025-05-29,2025-05-27,12
PO-202504-0256,2025-04-21,Kotara Steel Products,India,HRD874019,4 IN CAST IRON NO-HUB COUPLING STAINLESS,384,7.48,0.63,0.43,8.54,USD,100933,2025-07-03,2025-07-01,384
PO-202504-0257,2025-04-23,Larsen Brass & Bronze,USA,HRD107744,3/4 IN x 100FT SOFT COPPER COIL TYPE L,16,281.81,0.00,0.00,281.81,USD,100933,2025-05-12,2025-05-12,16
PO-202504-0258,2025-04-23,Kotara Steel Products,India,HRD248813,1-1/4 IN GALVANIZED STEEL NIPPLE 6 IN,2294,1.53,0.13,0.09,1.75,USD,100205,2025-07-05,2025-07-05,2294
PO-202504-0259,2025-04-23,Thermaline Systems,Mexico,HRD983377,3 TON 14 SEER AC CONDENSING UNIT R-410A,16,1461.88,35.09,0.00,1496.97,USD,100349,2025-06-01,2025-06-01,16
PO-202504-0260,2025-04-24,Gulf States Polymer,USA,HRD304148,3/4 IN CPVC 90 DEG ELBOW SOCKET,2555,7.00,0.00,0.00,7.00,USD,100649,2025-06-06,2025-06-06,2555
PO-202504-0261,2025-04-25,Larsen Brass & Bronze,USA,HRD118902,1/2 IN COPPER TYPE L HARD TUBE 10FT,448,20.01,0.00,0.00,20.01,USD,100959,2025-05-14,2025-05-11,448
PO-202504-0262,2025-04-25,Thermaline Systems,Mexico,HRD290145,2 IN PVC DWV SANITARY TEE HUB,2037,4.57,0.11,0.00,4.68,USD,100047,2025-06-03,2025-05-31,2037
PO-202505-0263,2025-05-01,Gulf States Polymer,USA,HRD304148,3/4 IN CPVC 90 DEG ELBOW SOCKET,1925,7.32,0.00,0.00,7.32,USD,100649,2025-06-13,2025-06-13,1925
PO-202505-0264,2025-05-01,Nordflow Valve Works,Germany,HRD772310,3/4 IN BRASS BALL VALVE FULL PORT THREADED,353,10.83,0.55,0.29,11.67,USD,100649,2025-05-29,2025-05-28,353
PO-202505-0265,2025-05-01,Kotara Steel Products,India,HRD900003,2 IN STAINLESS PRESS COUPLING 316L (NEW SKU),90,24.88,2.09,1.44,28.41,USD,100047,2025-07-13,2025-07-13,85
PO-202505-0266,2025-05-02,Thermaline Systems,Mexico,HRD290145,2 IN PVC DWV SANITARY TEE HUB,2272,4.60,0.11,0.00,4.71,USD,100649,2025-06-10,2025-06-09,2272
PO-202505-0267,2025-05-02,Kotara Steel Products,India,HRD874019,4 IN CAST IRON NO-HUB COUPLING STAINLESS,492,7.63,0.64,0.44,8.71,USD,100205,2025-07-14,2025-07-13,492
PO-202505-0268,2025-05-02,Kotara Steel Products,India,HRD900001,6 IN DUCTILE IRON MJ GATE VALVE (NEW SKU),11,564.07,47.38,32.72,644.17,USD,100959,2025-07-14,2025-07-11,11
PO-202505-0269,2025-05-04,Larsen Brass & Bronze,USA,HRD335590,CHROME LAVATORY FAUCET 4 IN CENTERSET 2-HANDLE,106,101.78,0.00,0.00,101.78,USD,100047,2025-05-23,2025-05-22,106
PO-202505-0270,2025-05-04,Gulf States Polymer,USA,HRD512066,1/2 IN x 300FT PEX-B TUBING RED,114,66.89,0.00,0.00,66.89,USD,100959,2025-06-16,2025-06-15,114
PO-202505-0271,2025-05-05,Anhui Precision Fittings,China,HRD772310,3/4 IN BRASS BALL VALVE FULL PORT THREADED,287,9.80,0.76,1.23,11.79,USD,100959,2025-06-27,2025-06-24,287
PO-202505-0272,2025-05-06,Gulf States Polymer,USA,HRD304148,3/4 IN CPVC 90 DEG ELBOW SOCKET,2035,7.15,0.00,0.00,7.15,USD,100205,2025-06-18,2025-06-18,2035
PO-202505-0273,2025-05-06,Nordflow Valve Works,Germany,HRD900001,6 IN DUCTILE IRON MJ GATE VALVE (NEW SKU),19,594.23,30.31,16.04,640.58,USD,100571,2025-06-03,2025-05-31,19
PO-202505-0274,2025-05-07,Larsen Brass & Bronze,USA,HRD118902,1/2 IN COPPER TYPE L HARD TUBE 10FT,584,19.19,0.00,0.00,19.19,USD,100117,2025-05-26,2025-05-25,539
PO-202505-0275,2025-05-07,Thermaline Systems,Mexico,HRD900002,SMART THERMOSTAT WIFI 24V C-WIRE (NEW SKU),92,85.33,2.05,0.00,87.38,USD,100047,2025-06-15,2025-06-15,92
PO-202505-0276,2025-05-09,Kotara Steel Products,India,HRD248813,1-1/4 IN GALVANIZED STEEL NIPPLE 6 IN,2698,1.58,0.13,0.09,1.80,USD,100205,2025-07-21,2025-07-21,2698
PO-202505-0277,2025-05-09,Gulf States Polymer,USA,HRD512066,1/2 IN x 300FT PEX-B TUBING RED,117,64.60,0.00,0.00,64.60,USD,100349,2025-06-21,2025-06-21,117
PO-202505-0278,2025-05-09,Thermaline Systems,Mexico,HRD900002,SMART THERMOSTAT WIFI 24V C-WIRE (NEW SKU),80,83.71,2.01,0.00,85.72,USD,100571,2025-06-17,2025-06-27,80
PO-202505-0279,2025-05-13,Anhui Precision Fittings,China,HRD107744,3/4 IN x 100FT SOFT COPPER COIL TYPE L,10,243.48,18.99,30.44,292.91,USD,100649,2025-07-05,2025-07-03,10
PO-202505-0280,2025-05-15,Larsen Brass & Bronze,USA,HRD335590,CHROME LAVATORY FAUCET 4 IN CENTERSET 2-HANDLE,130,98.39,0.00,0.00,98.39,USD,100205,2025-06-03,2025-06-15,130
PO-202505-0281,2025-05-15,Kotara Steel Products,India,HRD450871,40 GAL NATURAL GAS WATER HEATER 40 MBH,12,468.28,39.34,27.16,534.78,USD,100047,2025-07-27,2025-07-24,12
PO-202505-0282,2025-05-17,Gulf States Polymer,USA,HRD661204,1 IN PEX-A EXPANSION COUPLING BRASS,1566,2.43,0.00,0.00,2.43,USD,100047,2025-06-29,2025-06-26,1566
PO-202505-0283,2025-05-19,Gulf States Polymer,USA,HRD290145,2 IN PVC DWV SANITARY TEE HUB,2514,4.91,0.00,0.00,4.91,USD,100812,2025-07-01,2025-06-28,2514
PO-202505-0284,2025-05-19,Kotara Steel Products,India,HRD900001,6 IN DUCTILE IRON MJ GATE VALVE (NEW SKU),11,567.90,47.70,32.94,648.54,USD,100933,2025-07-31,2025-07-28,11
PO-202505-0285,2025-05-20,Larsen Brass & Bronze,USA,HRD335590,CHROME LAVATORY FAUCET 4 IN CENTERSET 2-HANDLE,111,99.48,0.00,0.00,99.48,USD,100933,2025-06-08,2025-06-13,111
PO-202505-0286,2025-05-21,Cascade Copper Mills,USA,HRD118902,1/2 IN COPPER TYPE L HARD TUBE 10FT,566,19.17,0.00,0.00,19.17,USD,100349,2025-06-07,2025-06-05,566
PO-202505-0287,2025-05-21,Larsen Brass & Bronze,USA,HRD661204,1 IN PEX-A EXPANSION COUPLING BRASS,2884,2.31,0.00,0.00,2.31,USD,100571,2025-06-09,2025-06-07,2884
PO-202505-0288,2025-05-21,Kotara Steel Products,India,HRD900003,2 IN STAINLESS PRESS COUPLING 316L (NEW SKU),126,24.62,2.07,1.43,28.12,USD,100812,2025-08-02,2025-07-31,126
PO-202505-0289,2025-05-22,Cascade Copper Mills,USA,HRD107744,3/4 IN x 100FT SOFT COPPER COIL TYPE L,11,291.83,0.00,0.00,291.83,USD,100349,2025-06-08,2025-06-06,11
PO-202505-0290,2025-05-22,Thermaline Systems,Mexico,HRD983377,3 TON 14 SEER AC CONDENSING UNIT R-410A,7,1433.49,34.40,0.00,1467.89,USD,100205,2025-06-30,2025-06-30,7
PO-202505-0291,2025-05-23,Anhui Precision Fittings,China,HRD290145,2 IN PVC DWV SANITARY TEE HUB,2053,3.88,0.30,0.49,4.67,USD,100349,2025-07-15,2025-07-22,2053
PO-202505-0292,2025-05-23,Larsen Brass & Bronze,USA,HRD772310,3/4 IN BRASS BALL VALVE FULL PORT THREADED,416,12.00,0.00,0.00,12.00,USD,100571,2025-06-11,2025-06-09,416
PO-202505-0293,2025-05-23,Pacific Rim Tooling,Vietnam,HRD900002,SMART THERMOSTAT WIFI 24V C-WIRE (NEW SKU),141,77.62,6.29,4.81,88.72,USD,100812,2025-06-30,2025-06-30,141
PO-202505-0294,2025-05-25,Larsen Brass & Bronze,USA,HRD661204,1 IN PEX-A EXPANSION COUPLING BRASS,3254,2.34,0.00,0.00,2.34,USD,100812,2025-06-13,2025-06-16,3254
PO-202506-0295,2025-06-02,Nordflow Valve Works,Germany,HRD772310,3/4 IN BRASS BALL VALVE FULL PORT THREADED,570,11.29,0.58,0.30,12.17,USD,100933,2025-06-30,2025-06-29,570
PO-202506-0296,2025-06-03,Nordflow Valve Works,Germany,HRD900001,6 IN DUCTILE IRON MJ GATE VALVE (NEW SKU),19,579.90,29.57,15.66,625.13,USD,100117,2025-07-01,2025-06-30,19
PO-202506-0297,2025-06-04,Anhui Precision Fittings,China,HRD248813,1-1/4 IN GALVANIZED STEEL NIPPLE 6 IN,1917,1.49,0.12,0.19,1.80,USD,100933,2025-07-27,2025-07-24,1917
PO-202506-0298,2025-06-04,Kotara Steel Products,India,HRD900003,2 IN STAINLESS PRESS COUPLING 316L (NEW SKU),125,25.23,2.12,1.46,28.81,USD,100349,2025-08-16,2025-08-15,125
PO-202506-0299,2025-06-05,Anhui Precision Fittings,China,HRD248813,1-1/4 IN GALVANIZED STEEL NIPPLE 6 IN,1991,1.49,0.12,0.19,1.80,USD,100649,2025-07-28,2025-07-27,1991
PO-202506-0300,2025-06-05,Gulf States Polymer,USA,HRD661204,1 IN PEX-A EXPANSION COUPLING BRASS,2115,2.36,0.00,0.00,2.36,USD,100205,2025-07-18,2025-07-15,2115
PO-202506-0301,2025-06-06,Gulf States Polymer,USA,HRD304148,3/4 IN CPVC 90 DEG ELBOW SOCKET,4238,7.18,0.00,0.00,7.18,USD,100117,2025-07-19,2025-07-18,4238
PO-202506-0302,2025-06-08,Cascade Copper Mills,USA,HRD107744,3/4 IN x 100FT SOFT COPPER COIL TYPE L,8,283.12,0.00,0.00,283.12,USD,100959,2025-06-25,2025-06-23,8
PO-202506-0303,2025-06-08,Cascade Copper Mills,USA,HRD118902,1/2 IN COPPER TYPE L HARD TUBE 10FT,682,19.32,0.00,0.00,19.32,USD,100205,2025-06-25,2025-07-01,682
PO-202506-0304,2025-06-09,Thermaline Systems,Mexico,HRD983377,3 TON 14 SEER AC CONDENSING UNIT R-410A,16,1481.57,35.56,0.00,1517.13,USD,100959,2025-07-18,2025-07-21,16
PO-202506-0305,2025-06-10,Kotara Steel Products,India,HRD450871,40 GAL NATURAL GAS WATER HEATER 40 MBH,4,453.83,38.12,26.32,518.27,USD,100349,2025-08-22,2025-08-20,4
PO-202506-0306,2025-06-10,Kotara Steel Products,India,HRD874019,4 IN CAST IRON NO-HUB COUPLING STAINLESS,551,7.35,0.62,0.43,8.40,USD,100047,2025-08-22,2025-08-22,551
PO-202506-0307,2025-06-10,Anhui Precision Fittings,China,HRD874019,4 IN CAST IRON NO-HUB COUPLING STAINLESS,410,7.16,0.56,0.90,8.62,USD,100933,2025-08-02,2025-08-07,410
PO-202506-0308,2025-06-11,Cascade Copper Mills,USA,HRD118902,1/2 IN COPPER TYPE L HARD TUBE 10FT,637,19.97,0.00,0.00,19.97,USD,100047,2025-06-28,2025-06-26,637
PO-202506-0309,2025-06-13,Cascade Copper Mills,USA,HRD107744,3/4 IN x 100FT SOFT COPPER COIL TYPE L,8,293.93,0.00,0.00,293.93,USD,100349,2025-06-30,2025-06-29,8
PO-202506-0310,2025-06-13,Thermaline Systems,Mexico,HRD512066,1/2 IN x 300FT PEX-B TUBING RED,104,64.15,1.54,0.00,65.69,USD,100349,2025-07-22,2025-07-20,104
PO-202506-0311,2025-06-14,Gulf States Polymer,USA,HRD290145,2 IN PVC DWV SANITARY TEE HUB,3671,4.87,0.00,0.00,4.87,USD,100349,2025-07-27,2025-07-26,3671
PO-202506-0312,2025-06-14,Pacific Rim Tooling,Vietnam,HRD900002,SMART THERMOSTAT WIFI 24V C-WIRE (NEW SKU),117,76.23,6.17,4.73,87.13,USD,100205,2025-07-22,2025-07-21,117
PO-202506-0313,2025-06-15,Cascade Copper Mills,USA,HRD118902,1/2 IN COPPER TYPE L HARD TUBE 10FT,395,20.15,0.00,0.00,20.15,USD,100812,2025-07-02,2025-07-01,395
PO-202506-0314,2025-06-15,Gulf States Polymer,USA,HRD304148,3/4 IN CPVC 90 DEG ELBOW SOCKET,3432,7.15,0.00,0.00,7.15,USD,100571,2025-07-28,2025-08-01,3432
PO-202506-0315,2025-06-16,Kotara Steel Products,India,HRD450871,40 GAL NATURAL GAS WATER HEATER 40 MBH,5,471.05,39.57,27.32,537.94,USD,100812,2025-08-28,2025-08-27,5
PO-202506-0316,2025-06-17,Nordflow Valve Works,Germany,HRD900001,6 IN DUCTILE IRON MJ GATE VALVE (NEW SKU),10,600.14,30.61,16.20,646.95,USD,100349,2025-07-15,2025-07-19,10
PO-202506-0317,2025-06-21,Kotara Steel Products,India,HRD248813,1-1/4 IN GALVANIZED STEEL NIPPLE 6 IN,2189,1.54,0.13,0.09,1.76,USD,100812,2025-09-02,2025-09-02,2189
PO-202506-0318,2025-06-23,Kotara Steel Products,India,HRD900001,6 IN DUCTILE IRON MJ GATE VALVE (NEW SKU),14,541.70,45.50,31.42,618.62,USD,100205,2025-09-04,2025-09-05,14
PO-202506-0319,2025-06-24,Pacific Rim Tooling,Vietnam,HRD335590,CHROME LAVATORY FAUCET 4 IN CENTERSET 2-HANDLE,114,88.07,7.13,5.46,100.66,USD,100047,2025-08-01,2025-07-30,114
PO-202506-0320,2025-06-24,Anhui Precision Fittings,China,HRD900003,2 IN STAINLESS PRESS COUPLING 316L (NEW SKU),99,23.64,1.84,2.96,28.44,USD,100117,2025-08-16,2025-08-24,99
PO-202507-0321,2025-07-02,Larsen Brass & Bronze,USA,HRD107744,3/4 IN x 100FT SOFT COPPER COIL TYPE L,8,286.93,0.00,0.00,286.93,USD,100959,2025-07-21,2025-07-28,8
PO-202507-0322,2025-07-03,Gulf States Polymer,USA,HRD304148,3/4 IN CPVC 90 DEG ELBOW SOCKET,3962,7.14,0.00,0.00,7.14,USD,100349,2025-08-15,2025-08-25,3962
PO-202507-0323,2025-07-04,Nordflow Valve Works,Germany,HRD900001,6 IN DUCTILE IRON MJ GATE VALVE (NEW SKU),14,604.76,30.84,16.33,651.93,USD,100959,2025-08-01,2025-08-05,14
PO-202507-0324,2025-07-05,Thermaline Systems,Mexico,HRD450871,40 GAL NATURAL GAS WATER HEATER 40 MBH,9,515.25,12.37,0.00,527.62,USD,100933,2025-08-13,2025-08-24,9
PO-202507-0325,2025-07-05,Pacific Rim Tooling,Vietnam,HRD900002,SMART THERMOSTAT WIFI 24V C-WIRE (NEW SKU),36,79.56,6.44,4.93,90.93,USD,100349,2025-08-12,2025-08-11,36
PO-202507-0326,2025-07-06,Cascade Copper Mills,USA,HRD107744,3/4 IN x 100FT SOFT COPPER COIL TYPE L,19,289.92,0.00,0.00,289.92,USD,100117,2025-07-23,2025-07-22,19
PO-202507-0327,2025-07-06,Cascade Copper Mills,USA,HRD118902,1/2 IN COPPER TYPE L HARD TUBE 10FT,309,19.29,0.00,0.00,19.29,USD,100047,2025-07-23,2025-07-23,309
PO-202507-0328,2025-07-06,Pacific Rim Tooling,Vietnam,HRD335590,CHROME LAVATORY FAUCET 4 IN CENTERSET 2-HANDLE,83,86.55,7.01,5.37,98.93,USD,100649,2025-08-13,2025-08-10,73
PO-202507-0329,2025-07-07,Gulf States Polymer,USA,HRD512066,1/2 IN x 300FT PEX-B TUBING RED,95,65.02,0.00,0.00,65.02,USD,100117,2025-08-19,2025-08-29,95
PO-202507-0330,2025-07-07,Larsen Brass & Bronze,USA,HRD661204,1 IN PEX-A EXPANSION COUPLING BRASS,2780,2.38,0.00,0.00,2.38,USD,100571,2025-07-26,2025-07-25,2780
PO-202507-0331,2025-07-08,Nordflow Valve Works,Germany,HRD900001,6 IN DUCTILE IRON MJ GATE VALVE (NEW SKU),7,574.85,29.32,15.52,619.69,USD,100117,2025-08-05,2025-08-05,7
PO-202507-0332,2025-07-09,Nordflow Valve Works,Germany,HRD772310,3/4 IN BRASS BALL VALVE FULL PORT THREADED,518,10.85,0.55,0.29,11.69,USD,100812,2025-08-06,2025-08-12,518
PO-202507-0333,2025-07-09,Nordflow Valve Works,Germany,HRD900001,6 IN DUCTILE IRON MJ GATE VALVE (NEW SKU),17,591.36,30.16,15.97,637.49,USD,100812,2025-08-06,2025-08-11,17
PO-202507-0334,2025-07-11,Pacific Rim Tooling,Vietnam,HRD118902,1/2 IN COPPER TYPE L HARD TUBE 10FT,410,17.06,1.38,1.06,19.50,USD,100812,2025-08-18,2025-08-16,374
PO-202507-0335,2025-07-11,Anhui Precision Fittings,China,HRD290145,2 IN PVC DWV SANITARY TEE HUB,3115,4.04,0.32,0.51,4.87,USD,100047,2025-09-02,2025-09-07,3115
PO-202507-0336,2025-07-12,Gulf States Polymer,USA,HRD512066,1/2 IN x 300FT PEX-B TUBING RED,109,65.74,0.00,0.00,65.74,USD,100649,2025-08-24,2025-08-22,109
PO-202507-0337,2025-07-13,Pacific Rim Tooling,Vietnam,HRD900002,SMART THERMOSTAT WIFI 24V C-WIRE (NEW SKU),51,76.25,6.18,4.73,87.16,USD,100812,2025-08-20,2025-08-19,51
PO-202507-0338,2025-07-15,Thermaline Systems,Mexico,HRD248813,1-1/4 IN GALVANIZED STEEL NIPPLE 6 IN,1944,1.81,0.04,0.00,1.85,USD,100117,2025-08-23,2025-08-22,1944
PO-202507-0339,2025-07-15,Larsen Brass & Bronze,USA,HRD661204,1 IN PEX-A EXPANSION COUPLING BRASS,2530,2.36,0.00,0.00,2.36,USD,100812,2025-08-03,2025-08-02,2530
PO-202507-0340,2025-07-15,Pacific Rim Tooling,Vietnam,HRD983377,3 TON 14 SEER AC CONDENSING UNIT R-410A,16,1350.86,109.42,83.75,1544.03,USD,100571,2025-08-22,2025-08-27,16
PO-202507-0341,2025-07-16,Thermaline Systems,Mexico,HRD304148,3/4 IN CPVC 90 DEG ELBOW SOCKET,2642,7.20,0.17,0.00,7.37,USD,100205,2025-08-24,2025-08-21,2642
PO-202507-0342,2025-07-17,Gulf States Polymer,USA,HRD290145,2 IN PVC DWV SANITARY TEE HUB,3557,4.81,0.00,0.00,4.81,USD,100933,2025-08-29,2025-09-04,3557
PO-202507-0343,2025-07-17,Kotara Steel Products,India,HRD874019,4 IN CAST IRON NO-HUB COUPLING STAINLESS,572,7.52,0.63,0.44,8.59,USD,100349,2025-09-28,2025-09-27,572
PO-202507-0344,2025-07-17,Kotara Steel Products,India,HRD900003,2 IN STAINLESS PRESS COUPLING 316L (NEW SKU),66,25.53,2.14,1.48,29.15,USD,100047,2025-09-28,2025-09-25,66
PO-202507-0345,2025-07-18,Anhui Precision Fittings,China,HRD874019,4 IN CAST IRON NO-HUB COUPLING STAINLESS,487,7.15,0.56,0.89,8.60,USD,100649,2025-09-09,2025-09-06,487
PO-202507-0346,2025-07-20,Gulf States Polymer,USA,HRD290145,2 IN PVC DWV SANITARY TEE HUB,2952,4.96,0.00,0.00,4.96,USD,100349,2025-09-01,2025-09-12,2952
PO-202507-0347,2025-07-21,Cascade Copper Mills,USA,HRD107744,3/4 IN x 100FT SOFT COPPER COIL TYPE L,8,282.49,0.00,0.00,282.49,USD,100205,2025-08-07,2025-08-07,8
PO-202507-0348,2025-07-21,Nordflow Valve Works,Germany,HRD772310,3/4 IN BRASS BALL VALVE FULL PORT THREADED,377,11.16,0.57,0.30,12.03,USD,100649,2025-08-18,2025-08-16,377
PO-202507-0349,2025-07-22,Pacific Rim Tooling,Vietnam,HRD900002,SMART THERMOSTAT WIFI 24V C-WIRE (NEW SKU),74,78.02,6.32,4.84,89.18,USD,100959,2025-08-29,2025-08-30,74
PO-202507-0350,2025-07-22,Kotara Steel Products,India,HRD900003,2 IN STAINLESS PRESS COUPLING 316L (NEW SKU),109,24.95,2.10,1.45,28.50,USD,100117,2025-10-03,2025-10-01,109
PO-202507-0351,2025-07-25,Larsen Brass & Bronze,USA,HRD335590,CHROME LAVATORY FAUCET 4 IN CENTERSET 2-HANDLE,170,100.97,0.00,0.00,100.97,USD,100349,2025-08-13,2025-08-13,170
PO-202508-0352,2025-08-01,Thermaline Systems,Mexico,HRD290145,2 IN PVC DWV SANITARY TEE HUB,2771,4.80,0.12,0.00,4.92,USD,100349,2025-09-09,2025-09-13,2771
PO-202508-0353,2025-08-03,Gulf States Polymer,USA,HRD304148,3/4 IN CPVC 90 DEG ELBOW SOCKET,3691,7.43,0.00,0.00,7.43,USD,100571,2025-09-15,2025-09-20,3691
PO-202508-0354,2025-08-03,Thermaline Systems,Mexico,HRD983377,3 TON 14 SEER AC CONDENSING UNIT R-410A,22,1522.86,36.55,0.00,1559.41,USD,100205,2025-09-11,2025-09-08,22
PO-202508-0355,2025-08-07,Cascade Copper Mills,USA,HRD107744,3/4 IN x 100FT SOFT COPPER COIL TYPE L,7,291.14,0.00,0.00,291.14,USD,100117,2025-08-24,2025-08-23,7
PO-202508-0356,2025-08-07,Larsen Brass & Bronze,USA,HRD335590,CHROME LAVATORY FAUCET 4 IN CENTERSET 2-HANDLE,64,99.51,0.00,0.00,99.51,USD,100812,2025-08-26,2025-09-05,64
PO-202508-0357,2025-08-08,Nordflow Valve Works,Germany,HRD900001,6 IN DUCTILE IRON MJ GATE VALVE (NEW SKU),4,576.48,29.40,15.56,621.44,USD,100933,2025-09-05,2025-09-03,4
PO-202508-0358,2025-08-09,Larsen Brass & Bronze,USA,HRD661204,1 IN PEX-A EXPANSION COUPLING BRASS,3249,2.34,0.00,0.00,2.34,USD,100205,2025-08-28,2025-08-28,3177
PO-202508-0359,2025-08-09,Anhui Precision Fittings,China,HRD874019,4 IN CAST IRON NO-HUB COUPLING STAINLESS,294,7.03,0.55,0.88,8.46,USD,100959,2025-10-01,2025-09-29,294
PO-202508-0360,2025-08-10,Gulf States Polymer,USA,HRD512066,1/2 IN x 300FT PEX-B TUBING RED,119,65.79,0.00,0.00,65.79,USD,100349,2025-09-22,2025-09-28,119
PO-202508-0361,2025-08-11,Gulf States Polymer,USA,HRD512066,1/2 IN x 300FT PEX-B TUBING RED,165,67.63,0.00,0.00,67.63,USD,100649,2025-09-23,2025-09-29,144
PO-202508-0362,2025-08-12,Nordflow Valve Works,Germany,HRD900001,6 IN DUCTILE IRON MJ GATE VALVE (NEW SKU),5,581.80,29.67,15.71,627.18,USD,100117,2025-09-09,2025-09-09,5
PO-202508-0363,2025-08-13,Cascade Copper Mills,USA,HRD107744,3/4 IN x 100FT SOFT COPPER COIL TYPE L,11,288.02,0.00,0.00,288.02,USD,100959,2025-08-30,2025-08-29,11
PO-202508-0364,2025-08-13,Kotara Steel Products,India,HRD874019,4 IN CAST IRON NO-HUB COUPLING STAINLESS,361,7.47,0.63,0.43,8.53,USD,100117,2025-10-25,2025-10-24,361
PO-202508-0365,2025-08-14,Larsen Brass & Bronze,USA,HRD335590,CHROME LAVATORY FAUCET 4 IN CENTERSET 2-HANDLE,90,98.47,0.00,0.00,98.47,USD,100047,2025-09-02,2025-09-01,90
PO-202508-0366,2025-08-14,Thermaline Systems,Mexico,HRD450871,40 GAL NATURAL GAS WATER HEATER 40 MBH,10,516.35,12.39,0.00,528.74,USD,100205,2025-09-22,2025-09-21,10
PO-202508-0367,2025-08-14,Gulf States Polymer,USA,HRD661204,1 IN PEX-A EXPANSION COUPLING BRASS,1891,2.37,0.00,0.00,2.37,USD,100349,2025-09-26,2025-09-23,1891
PO-202508-0368,2025-08-15,Kotara Steel Products,India,HRD874019,4 IN CAST IRON NO-HUB COUPLING STAINLESS,472,7.69,0.65,0.45,8.79,USD,100205,2025-10-27,2025-10-26,472
PO-202508-0369,2025-08-17,Kotara Steel Products,India,HRD248813,1-1/4 IN GALVANIZED STEEL NIPPLE 6 IN,1708,1.60,0.13,0.09,1.82,USD,100959,2025-10-29,2025-10-28,1708
PO-202508-0370,2025-08-17,Kotara Steel Products,India,HRD450871,40 GAL NATURAL GAS WATER HEATER 40 MBH,7,478.06,40.16,27.73,545.95,USD,100649,2025-10-29,2025-10-27,7
PO-202508-0371,2025-08-17,Nordflow Valve Works,Germany,HRD772310,3/4 IN BRASS BALL VALVE FULL PORT THREADED,348,11.38,0.58,0.31,12.27,USD,100649,2025-09-14,2025-09-11,348
PO-202508-0372,2025-08-19,Cascade Copper Mills,USA,HRD118902,1/2 IN COPPER TYPE L HARD TUBE 10FT,358,20.48,0.00,0.00,20.48,USD,100933,2025-09-05,2025-09-03,358
PO-202508-0373,2025-08-19,Anhui Precision Fittings,China,HRD248813,1-1/4 IN GALVANIZED STEEL NIPPLE 6 IN,2141,1.52,0.12,0.19,1.83,USD,100649,2025-10-11,2025-10-08,2141
PO-202508-0374,2025-08-19,Thermaline Systems,Mexico,HRD512066,1/2 IN x 300FT PEX-B TUBING RED,89,67.35,1.62,0.00,68.97,USD,100047,2025-09-27,2025-09-24,89
PO-202508-0375,2025-08-19,Pacific Rim Tooling,Vietnam,HRD900002,SMART THERMOSTAT WIFI 24V C-WIRE (NEW SKU),112,79.73,6.46,4.94,91.13,USD,100571,2025-09-26,2025-09-30,112
PO-202508-0376,2025-08-20,Larsen Brass & Bronze,USA,HRD335590,CHROME LAVATORY FAUCET 4 IN CENTERSET 2-HANDLE,66,102.51,0.00,0.00,102.51,USD,100205,2025-09-08,2025-09-06,66
PO-202508-0377,2025-08-25,Nordflow Valve Works,Germany,HRD772310,3/4 IN BRASS BALL VALVE FULL PORT THREADED,477,10.92,0.56,0.29,11.77,USD,100571,2025-09-22,2025-09-22,477
PO-202508-0378,2025-08-25,Anhui Precision Fittings,China,HRD772310,3/4 IN BRASS BALL VALVE FULL PORT THREADED,435,10.13,0.79,1.27,12.19,USD,100349,2025-10-17,2025-10-15,435
PO-202508-0379,2025-08-25,Kotara Steel Products,India,HRD900001,6 IN DUCTILE IRON MJ GATE VALVE (NEW SKU),15,566.11,47.55,32.83,646.49,USD,100571,2025-11-06,2025-11-06,15
PO-202508-0380,2025-08-25,Kotara Steel Products,India,HRD900003,2 IN STAINLESS PRESS COUPLING 316L (NEW SKU),159,26.16,2.20,1.52,29.88,USD,100649,2025-11-06,2025-11-06,159
PO-202508-0381,2025-08-25,Anhui Precision Fittings,China,HRD900003,2 IN STAINLESS PRESS COUPLING 316L (NEW SKU),97,24.80,1.93,3.10,29.83,USD,100571,2025-10-17,2025-10-15,88
PO-202509-0382,2025-09-01,Pacific Rim Tooling,Vietnam,HRD118902,1/2 IN COPPER TYPE L HARD TUBE 10FT,426,17.20,1.39,1.07,19.66,USD,100571,2025-10-09,2025-10-20,426
PO-202509-0383,2025-09-01,Thermaline Systems,Mexico,HRD304148,3/4 IN CPVC 90 DEG ELBOW SOCKET,1511,7.24,0.17,0.00,7.41,USD,100349,2025-10-10,2025-10-07,1511
PO-202509-0384,2025-09-01,Larsen Brass & Bronze,USA,HRD661204,1 IN PEX-A EXPANSION COUPLING BRASS,1936,2.44,0.00,0.00,2.44,USD,100933,2025-09-20,2025-10-01,1936
PO-202509-0385,2025-09-03,Cascade Copper Mills,USA,HRD107744,3/4 IN x 100FT SOFT COPPER COIL TYPE L,13,299.57,0.00,0.00,299.57,USD,100205,2025-09-20,2025-09-19,13
PO-202509-0386,2025-09-03,Thermaline Systems,Mexico,HRD512066,1/2 IN x 300FT PEX-B TUBING RED,78,65.12,1.56,0.00,66.68,USD,100117,2025-10-12,2025-10-09,78
PO-202509-0387,2025-09-03,Nordflow Valve Works,Germany,HRD551200,3/4 IN THERMOSTATIC MIXING VALVE LEAD FREE,59,145.82,7.44,3.94,157.20,USD,100959,2025-10-01,2025-10-12,59
PO-202509-0388,2025-09-04,Gulf States Polymer,USA,HRD512066,1/2 IN x 300FT PEX-B TUBING RED,66,66.79,0.00,0.00,66.79,USD,100205,2025-10-17,2025-10-16,66
PO-202509-0389,2025-09-04,Kotara Steel Products,India,HRD874019,4 IN CAST IRON NO-HUB COUPLING STAINLESS,308,7.53,0.63,0.44,8.60,USD,100933,2025-11-16,2025-11-23,308
PO-202509-0390,2025-09-05,Thermaline Systems,Mexico,HRD304148,3/4 IN CPVC 90 DEG ELBOW SOCKET,1444,7.31,0.18,0.00,7.49,USD,100571,2025-10-14,2025-10-13,1444
PO-202509-0391,2025-09-08,Kotara Steel Products,India,HRD874019,4 IN CAST IRON NO-HUB COUPLING STAINLESS,411,7.75,0.65,0.45,8.85,USD,100117,2025-11-20,2025-12-01,411
PO-202509-0392,2025-09-09,Kotara Steel Products,India,HRD900001,6 IN DUCTILE IRON MJ GATE VALVE (NEW SKU),6,547.19,45.96,31.74,624.89,USD,100117,2025-11-21,2025-11-21,6
PO-202509-0393,2025-09-10,Anhui Precision Fittings,China,HRD661204,1 IN PEX-A EXPANSION COUPLING BRASS,1899,1.95,0.15,0.24,2.34,USD,100812,2025-11-02,2025-10-31,1899
PO-202509-0394,2025-09-11,Gulf States Polymer,USA,HRD290145,2 IN PVC DWV SANITARY TEE HUB,2527,4.89,0.00,0.00,4.89,USD,100117,2025-10-24,2025-10-24,2527
PO-202509-0395,2025-09-12,Gulf States Polymer,USA,HRD290145,2 IN PVC DWV SANITARY TEE HUB,1847,4.78,0.00,0.00,4.78,USD,100959,2025-10-25,2025-10-31,1847
PO-202509-0396,2025-09-12,Thermaline Systems,Mexico,HRD551201,50 GAL HEAT PUMP WATER HEATER 240V,9,1228.25,29.48,0.00,1257.73,USD,100959,2025-10-21,2025-10-19,9
PO-202509-0397,2025-09-13,Thermaline Systems,Mexico,HRD450871,40 GAL NATURAL GAS WATER HEATER 40 MBH,6,516.95,12.41,0.00,529.36,USD,100117,2025-10-22,2025-10-28,6
PO-202509-0398,2025-09-14,Larsen Brass & Bronze,USA,HRD118902,1/2 IN COPPER TYPE L HARD TUBE 10FT,405,20.26,0.00,0.00,20.26,USD,100047,2025-10-03,2025-10-01,405
PO-202509-0399,2025-09-15,Thermaline Systems,Mexico,HRD983377,3 TON 14 SEER AC CONDENSING UNIT R-410A,16,1480.31,35.53,0.00,1515.84,USD,100649,2025-10-24,2025-10-25,16
PO-202509-0400,2025-09-16,Larsen Brass & Bronze,USA,HRD661204,1 IN PEX-A EXPANSION COUPLING BRASS,2046,2.44,0.00,0.00,2.44,USD,100349,2025-10-05,2025-10-04,2046
PO-202509-0401,2025-09-16,Nordflow Valve Works,Germany,HRD772310,3/4 IN BRASS BALL VALVE FULL PORT THREADED,511,11.11,0.57,0.30,11.98,USD,100117,2025-10-14,2025-10-13,511
PO-202509-0402,2025-09-17,Thermaline Systems,Mexico,HRD450871,40 GAL NATURAL GAS WATER HEATER 40 MBH,8,521.77,12.52,0.00,534.29,USD,100933,2025-10-26,2025-10-25,8
PO-202509-0403,2025-09-17,Nordflow Valve Works,Germany,HRD772310,3/4 IN BRASS BALL VALVE FULL PORT THREADED,539,11.42,0.58,0.31,12.31,USD,100812,2025-10-15,2025-10-21,539
PO-202509-0404,2025-09-17,Thermaline Systems,Mexico,HRD900002,SMART THERMOSTAT WIFI 24V C-WIRE (NEW SKU),109,85.40,2.05,0.00,87.45,USD,100959,2025-10-26,2025-10-23,109
PO-202509-0405,2025-09-17,Kotara Steel Products,India,HRD900003,2 IN STAINLESS PRESS COUPLING 316L (NEW SKU),100,25.80,2.17,1.50,29.47,USD,100959,2025-11-29,2025-12-05,100
PO-202509-0406,2025-09-18,Gulf States Polymer,USA,HRD512066,1/2 IN x 300FT PEX-B TUBING RED,78,67.39,0.00,0.00,67.39,USD,100959,2025-10-31,2025-11-03,78
PO-202509-0407,2025-09-18,Nordflow Valve Works,Germany,HRD772310,3/4 IN BRASS BALL VALVE FULL PORT THREADED,500,11.46,0.58,0.31,12.35,USD,100959,2025-10-16,2025-10-13,500
PO-202509-0408,2025-09-19,Kotara Steel Products,India,HRD450871,40 GAL NATURAL GAS WATER HEATER 40 MBH,10,470.50,39.52,27.29,537.31,USD,100205,2025-12-01,2025-11-28,10
PO-202509-0409,2025-09-19,Thermaline Systems,Mexico,HRD983377,3 TON 14 SEER AC CONDENSING UNIT R-410A,13,1493.95,35.85,0.00,1529.80,USD,100349,2025-10-28,2025-10-26,13
PO-202509-0410,2025-09-20,Kotara Steel Products,India,HRD551201,50 GAL HEAT PUMP WATER HEATER 240V,7,1093.79,91.88,63.44,1249.11,USD,100349,2025-12-02,2025-11-30,7
PO-202509-0411,2025-09-21,Anhui Precision Fittings,China,HRD874019,4 IN CAST IRON NO-HUB COUPLING STAINLESS,449,7.02,0.55,0.88,8.45,USD,100571,2025-11-13,2025-11-13,449
PO-202509-0412,2025-09-22,Larsen Brass & Bronze,USA,HRD335590,CHROME LAVATORY FAUCET 4 IN CENTERSET 2-HANDLE,137,97.22,0.00,0.00,97.22,USD,100349,2025-10-11,2025-10-11,137
PO-202509-0413,2025-09-23,Kotara Steel Products,India,HRD248813,1-1/4 IN GALVANIZED STEEL NIPPLE 6 IN,1560,1.63,0.14,0.09,1.86,USD,100649,2025-12-05,2025-12-03,1560
PO-202509-0414,2025-09-25,Kotara Steel Products,India,HRD551201,50 GAL HEAT PUMP WATER HEATER 240V,13,1068.28,89.74,61.96,1219.98,USD,100812,2025-12-07,2025-12-18,13
PO-202510-0415,2025-10-01,Thermaline Systems,Mexico,HRD551201,50 GAL HEAT PUMP WATER HEATER 240V,11,1199.98,28.80,0.00,1228.78,USD,100959,2025-11-09,2025-11-09,11
PO-202510-0416,2025-10-02,Thermaline Systems,Mexico,HRD512066,1/2 IN x 300FT PEX-B TUBING RED,83,67.63,1.62,0.00,69.25,USD,100349,2025-11-10,2025-11-14,83
PO-202510-0417,2025-10-02,Larsen Brass & Bronze,USA,HRD661204,1 IN PEX-A EXPANSION COUPLING BRASS,2393,2.36,0.00,0.00,2.36,USD,100117,2025-10-21,2025-10-28,2393
PO-202510-0418,2025-10-02,Nordflow Valve Works,Germany,HRD900003,2 IN STAINLESS PRESS COUPLING 316L (NEW SKU),81,27.15,1.38,0.73,29.26,USD,100349,2025-10-30,2025-10-27,81
PO-202510-0419,2025-10-03,Nordflow Valve Works,Germany,HRD900001,6 IN DUCTILE IRON MJ GATE VALVE (NEW SKU),14,588.03,29.99,15.88,633.90,USD,100205,2025-10-31,2025-10-28,14
PO-202510-0420,2025-10-05,Pacific Rim Tooling,Vietnam,HRD900002,SMART THERMOSTAT WIFI 24V C-WIRE (NEW SKU),105,77.68,6.29,4.82,88.79,USD,100117,2025-11-12,2025-11-11,105
PO-202510-0421,2025-10-05,Thermaline Systems,Mexico,HRD983377,3 TON 14 SEER AC CONDENSING UNIT R-410A,10,1537.29,36.89,0.00,1574.18,USD,100571,2025-11-13,2025-11-12,10
PO-202510-0422,2025-10-05,Kotara Steel Products,India,HRD551201,50 GAL HEAT PUMP WATER HEATER 240V,8,1108.57,93.12,64.30,1265.99,USD,100571,2025-12-17,2025-12-22,8
PO-202510-0423,2025-10-06,Larsen Brass & Bronze,USA,HRD661204,1 IN PEX-A EXPANSION COUPLING BRASS,2232,2.38,0.00,0.00,2.38,USD,100933,2025-10-25,2025-11-01,2232
PO-202510-0424,2025-10-07,Thermaline Systems,Mexico,HRD512066,1/2 IN x 300FT PEX-B TUBING RED,82,64.35,1.54,0.00,65.89,USD,100117,2025-11-15,2025-11-14,82
PO-202510-0425,2025-10-07,Kotara Steel Products,India,HRD551201,50 GAL HEAT PUMP WATER HEATER 240V,12,1064.27,89.40,61.73,1215.40,USD,100649,2025-12-19,2025-12-19,12
PO-202510-0426,2025-10-08,Cascade Copper Mills,USA,HRD118902,1/2 IN COPPER TYPE L HARD TUBE 10FT,608,20.05,0.00,0.00,20.05,USD,100933,2025-10-25,2025-10-23,608
PO-202510-0427,2025-10-08,Cascade Copper Mills,USA,HRD118902,1/2 IN COPPER TYPE L HARD TUBE 10FT,474,19.54,0.00,0.00,19.54,USD,100812,2025-10-25,2025-11-02,474
PO-202510-0428,2025-10-08,Nordflow Valve Works,Germany,HRD900001,6 IN DUCTILE IRON MJ GATE VALVE (NEW SKU),13,594.40,30.31,16.05,640.76,USD,100117,2025-11-05,2025-11-03,13
PO-202510-0429,2025-10-09,Larsen Brass & Bronze,USA,HRD335590,CHROME LAVATORY FAUCET 4 IN CENTERSET 2-HANDLE,144,97.63,0.00,0.00,97.63,USD,100349,2025-10-28,2025-10-26,144
PO-202510-0430,2025-10-11,Kotara Steel Products,India,HRD874019,4 IN CAST IRON NO-HUB COUPLING STAINLESS,542,7.69,0.65,0.45,8.79,USD,100205,2025-12-23,2025-12-21,542
PO-202510-0431,2025-10-11,Kotara Steel Products,India,HRD900003,2 IN STAINLESS PRESS COUPLING 316L (NEW SKU),104,25.55,2.15,1.48,29.18,USD,100959,2025-12-23,2025-12-23,104
PO-202510-0432,2025-10-11,Larsen Brass & Bronze,USA,HRD551200,3/4 IN THERMOSTATIC MIXING VALVE LEAD FREE,82,151.34,0.00,0.00,151.34,USD,100649,2025-10-30,2025-10-28,82
PO-202510-0433,2025-10-14,Gulf States Polymer,USA,HRD290145,2 IN PVC DWV SANITARY TEE HUB,2792,4.94,0.00,0.00,4.94,USD,100649,2025-11-26,2025-11-25,2792
PO-202510-0434,2025-10-15,Gulf States Polymer,USA,HRD290145,2 IN PVC DWV SANITARY TEE HUB,2080,4.96,0.00,0.00,4.96,USD,100933,2025-11-27,2025-11-24,2080
PO-202510-0435,2025-10-16,Nordflow Valve Works,Germany,HRD772310,3/4 IN BRASS BALL VALVE FULL PORT THREADED,434,11.16,0.57,0.30,12.03,USD,100117,2025-11-13,2025-11-16,434
PO-202510-0436,2025-10-18,Anhui Precision Fittings,China,HRD661204,1 IN PEX-A EXPANSION COUPLING BRASS,2283,2.03,0.16,0.25,2.44,USD,100047,2025-12-10,2025-12-07,2283
PO-202510-0437,2025-10-19,Thermaline Systems,Mexico,HRD983377,3 TON 14 SEER AC CONDENSING UNIT R-410A,14,1535.79,36.86,0.00,1572.65,USD,100812,2025-11-27,2025-11-25,14
PO-202510-0438,2025-10-20,Kotara Steel Products,India,HRD248813,1-1/4 IN GALVANIZED STEEL NIPPLE 6 IN,1970,1.66,0.14,0.10,1.90,USD,100812,2026-01-01,2026-01-11,1970
PO-202510-0439,2025-10-20,Gulf States Polymer,USA,HRD304148,3/4 IN CPVC 90 DEG ELBOW SOCKET,1977,7.52,0.00,0.00,7.52,USD,100649,2025-12-02,2025-11-30,1977
PO-202510-0440,2025-10-20,Thermaline Systems,Mexico,HRD900002,SMART THERMOSTAT WIFI 24V C-WIRE (NEW SKU),106,87.81,2.11,0.00,89.92,USD,100349,2025-11-28,2025-11-26,106
PO-202510-0441,2025-10-21,Thermaline Systems,Mexico,HRD900002,SMART THERMOSTAT WIFI 24V C-WIRE (NEW SKU),131,84.80,2.04,0.00,86.84,USD,100933,2025-11-29,2025-11-29,131
PO-202510-0442,2025-10-23,Kotara Steel Products,India,HRD900003,2 IN STAINLESS PRESS COUPLING 316L (NEW SKU),80,25.39,2.13,1.47,28.99,USD,100117,2026-01-04,2026-01-04,80
PO-202510-0443,2025-10-24,Thermaline Systems,Mexico,HRD450871,40 GAL NATURAL GAS WATER HEATER 40 MBH,16,533.77,12.81,0.00,546.58,USD,100047,2025-12-02,2025-12-02,16
PO-202510-0444,2025-10-24,Kotara Steel Products,India,HRD900001,6 IN DUCTILE IRON MJ GATE VALVE (NEW SKU),7,568.20,47.73,32.96,648.89,USD,100571,2026-01-05,2026-01-11,7
PO-202510-0445,2025-10-25,Cascade Copper Mills,USA,HRD107744,3/4 IN x 100FT SOFT COPPER COIL TYPE L,14,298.07,0.00,0.00,298.07,USD,100047,2025-11-11,2025-11-11,14
PO-202510-0446,2025-10-25,Larsen Brass & Bronze,USA,HRD118902,1/2 IN COPPER TYPE L HARD TUBE 10FT,381,19.68,0.00,0.00,19.68,USD,100117,2025-11-13,2025-11-13,381
PO-202510-0447,2025-10-25,Anhui Precision Fittings,China,HRD248813,1-1/4 IN GALVANIZED STEEL NIPPLE 6 IN,2167,1.50,0.12,0.19,1.81,USD,100349,2025-12-17,2025-12-17,2167
PO-202511-0448,2025-11-02,Nordflow Valve Works,Germany,HRD772310,3/4 IN BRASS BALL VALVE FULL PORT THREADED,543,11.50,0.59,0.31,12.40,USD,100047,2025-11-30,2025-12-04,543
PO-202511-0449,2025-11-03,Anhui Precision Fittings,China,HRD874019,4 IN CAST IRON NO-HUB COUPLING STAINLESS,344,7.19,0.56,0.90,8.65,USD,100571,2025-12-26,2025-12-23,344
PO-202511-0450,2025-11-05,Gulf States Polymer,USA,HRD304148,3/4 IN CPVC 90 DEG ELBOW SOCKET,1730,7.55,0.00,0.00,7.55,USD,100117,2025-12-18,2025-12-25,1730
PO-202511-0451,2025-11-06,Cascade Copper Mills,USA,HRD118902,1/2 IN COPPER TYPE L HARD TUBE 10FT,470,20.01,0.00,0.00,20.01,USD,100571,2025-11-23,2025-11-20,470
PO-202511-0452,2025-11-06,Gulf States Polymer,USA,HRD290145,2 IN PVC DWV SANITARY TEE HUB,1713,4.75,0.00,0.00,4.75,USD,100959,2025-12-19,2025-12-18,1713
PO-202511-0453,2025-11-06,Nordflow Valve Works,Germany,HRD551200,3/4 IN THERMOSTATIC MIXING VALVE LEAD FREE,88,145.55,7.42,3.93,156.90,USD,100933,2025-12-04,2025-12-07,88
PO-202511-0454,2025-11-09,Larsen Brass & Bronze,USA,HRD118902,1/2 IN COPPER TYPE L HARD TUBE 10FT,320,20.18,0.00,0.00,20.18,USD,100959,2025-11-28,2025-11-26,320
PO-202511-0455,2025-11-09,Larsen Brass & Bronze,USA,HRD661204,1 IN PEX-A EXPANSION COUPLING BRASS,2427,2.35,0.00,0.00,2.35,USD,100959,2025-11-28,2025-12-04,2427
PO-202511-0456,2025-11-09,Thermaline Systems,Mexico,HRD983377,3 TON 14 SEER AC CONDENSING UNIT R-410A,5,1467.23,35.21,0.00,1502.44,USD,100959,2025-12-18,2025-12-16,5
PO-202511-0457,2025-11-10,Nordflow Valve Works,Germany,HRD772310,3/4 IN BRASS BALL VALVE FULL PORT THREADED,520,11.32,0.58,0.31,12.21,USD,100812,2025-12-08,2025-12-08,520
PO-202511-0458,2025-11-10,Nordflow Valve Works,Germany,HRD551200,3/4 IN THERMOSTATIC MIXING VALVE LEAD FREE,169,140.54,7.17,3.79,151.50,USD,100959,2025-12-08,2025-12-08,169
PO-202511-0459,2025-11-11,Thermaline Systems,Mexico,HRD551201,50 GAL HEAT PUMP WATER HEATER 240V,15,1202.37,28.86,0.00,1231.23,USD,100959,2025-12-20,2025-12-18,15
PO-202511-0460,2025-11-13,Thermaline Systems,Mexico,HRD450871,40 GAL NATURAL GAS WATER HEATER 40 MBH,12,522.65,12.54,0.00,535.19,USD,100117,2025-12-22,2025-12-27,12
PO-202511-0461,2025-11-13,Larsen Brass & Bronze,USA,HRD661204,1 IN PEX-A EXPANSION COUPLING BRASS,2158,2.37,0.00,0.00,2.37,USD,100047,2025-12-02,2025-12-01,2158
PO-202511-0462,2025-11-13,Kotara Steel Products,India,HRD900001,6 IN DUCTILE IRON MJ GATE VALVE (NEW SKU),10,569.30,47.82,33.02,650.14,USD,100571,2026-01-25,2026-01-30,10
PO-202511-0463,2025-11-13,Pacific Rim Tooling,Vietnam,HRD900002,SMART THERMOSTAT WIFI 24V C-WIRE (NEW SKU),128,79.49,6.44,4.93,90.86,USD,100205,2025-12-21,2025-12-27,128
PO-202511-0464,2025-11-14,Thermaline Systems,Mexico,HRD512066,1/2 IN x 300FT PEX-B TUBING RED,65,65.83,1.58,0.00,67.41,USD,100571,2025-12-23,2025-12-26,65
PO-202511-0465,2025-11-14,Pacific Rim Tooling,Vietnam,HRD900002,SMART THERMOSTAT WIFI 24V C-WIRE (NEW SKU),116,79.76,6.46,4.95,91.17,USD,100047,2025-12-22,2025-12-19,116
PO-202511-0466,2025-11-15,Thermaline Systems,Mexico,HRD248813,1-1/4 IN GALVANIZED STEEL NIPPLE 6 IN,1755,1.84,0.04,0.00,1.88,USD,100933,2025-12-24,2025-12-21,1755
PO-202511-0467,2025-11-15,Kotara Steel Products,India,HRD450871,40 GAL NATURAL GAS WATER HEATER 40 MBH,8,470.21,39.50,27.27,536.98,USD,100571,2026-01-27,2026-02-06,8
PO-202511-0468,2025-11-16,Larsen Brass & Bronze,USA,HRD661204,1 IN PEX-A EXPANSION COUPLING BRASS,2854,2.45,0.00,0.00,2.45,USD,100349,2025-12-05,2025-12-08,2854
PO-202511-0469,2025-11-16,Larsen Brass & Bronze,USA,HRD551200,3/4 IN THERMOSTATIC MIXING VALVE LEAD FREE,75,153.45,0.00,0.00,153.45,USD,100349,2025-12-05,2025-12-02,75
PO-202511-0470,2025-11-18,Larsen Brass & Bronze,USA,HRD335590,CHROME LAVATORY FAUCET 4 IN CENTERSET 2-HANDLE,112,99.91,0.00,0.00,99.91,USD,100933,2025-12-07,2025-12-06,112
PO-202511-0471,2025-11-18,Nordflow Valve Works,Germany,HRD900001,6 IN DUCTILE IRON MJ GATE VALVE (NEW SKU),13,595.58,30.37,16.08,642.03,USD,100649,2025-12-16,2025-12-15,13
PO-202511-0472,2025-11-19,Cascade Copper Mills,USA,HRD107744,3/4 IN x 100FT SOFT COPPER COIL TYPE L,9,294.62,0.00,0.00,294.62,USD,100205,2025-12-06,2025-12-03,9
PO-202511-0473,2025-11-19,Anhui Precision Fittings,China,HRD772310,3/4 IN BRASS BALL VALVE FULL PORT THREADED,457,10.11,0.79,1.26,12.16,USD,100205,2026-01-11,2026-01-15,457
PO-202511-0474,2025-11-20,Pacific Rim Tooling,Vietnam,HRD335590,CHROME LAVATORY FAUCET 4 IN CENTERSET 2-HANDLE,101,84.98,6.88,5.27,97.13,USD,100349,2025-12-28,2025-12-28,101
PO-202511-0475,2025-11-21,Gulf States Polymer,USA,HRD290145,2 IN PVC DWV SANITARY TEE HUB,2877,4.75,0.00,0.00,4.75,USD,100812,2026-01-03,2026-01-01,2877
PO-202511-0476,2025-11-22,Gulf States Polymer,USA,HRD304148,3/4 IN CPVC 90 DEG ELBOW SOCKET,1865,7.15,0.00,0.00,7.15,USD,100205,2026-01-04,2026-01-04,1865
PO-202511-0477,2025-11-22,Anhui Precision Fittings,China,HRD900003,2 IN STAINLESS PRESS COUPLING 316L (NEW SKU),128,24.51,1.91,3.06,29.48,USD,100933,2026-01-14,2026-01-25,128
PO-202511-0478,2025-11-23,Cascade Copper Mills,USA,HRD107744,3/4 IN x 100FT SOFT COPPER COIL TYPE L,13,297.31,0.00,0.00,297.31,USD,100649,2025-12-10,2025-12-08,13
PO-202511-0479,2025-11-23,Pacific Rim Tooling,Vietnam,HRD983377,3 TON 14 SEER AC CONDENSING UNIT R-410A,7,1361.23,110.26,84.40,1555.89,USD,100205,2025-12-31,2025-12-29,7
PO-202511-0480,2025-11-24,Kotara Steel Products,India,HRD248813,1-1/4 IN GALVANIZED STEEL NIPPLE 6 IN,1333,1.64,0.14,0.10,1.88,USD,100649,2026-02-05,2026-02-09,1333
PO-202511-0481,2025-11-24,Pacific Rim Tooling,Vietnam,HRD983377,3 TON 14 SEER AC CONDENSING UNIT R-410A,5,1318.22,106.78,81.73,1506.73,USD,100933,2026-01-01,2025-12-30,5
PO-202511-0482,2025-11-25,Kotara Steel Products,India,HRD248813,1-1/4 IN GALVANIZED STEEL NIPPLE 6 IN,2022,1.59,0.13,0.09,1.81,USD,100349,2026-02-06,2026-02-18,2022
PO-202512-0483,2025-12-01,Cascade Copper Mills,USA,HRD118902,1/2 IN COPPER TYPE L HARD TUBE 10FT,692,19.84,0.00,0.00,19.84,USD,100349,2025-12-18,2025-12-18,692
PO-202512-0484,2025-12-02,Larsen Brass & Bronze,USA,HRD107744,3/4 IN x 100FT SOFT COPPER COIL TYPE L,10,295.12,0.00,0.00,295.12,USD,100349,2025-12-21,2025-12-20,10
PO-202512-0485,2025-12-02,Nordflow Valve Works,Germany,HRD900001,6 IN DUCTILE IRON MJ GATE VALVE (NEW SKU),9,610.31,31.13,16.48,657.92,USD,100117,2025-12-30,2025-12-29,9
PO-202512-0486,2025-12-02,Nordflow Valve Works,Germany,HRD551200,3/4 IN THERMOSTATIC MIXING VALVE LEAD FREE,239,146.47,7.47,3.95,157.89,USD,100959,2025-12-30,2025-12-29,239
PO-202512-0487,2025-12-03,Gulf States Polymer,USA,HRD304148,3/4 IN CPVC 90 DEG ELBOW SOCKET,1433,7.54,0.00,0.00,7.54,USD,100047,2026-01-15,2026-01-20,1433
PO-202512-0488,2025-12-03,Larsen Brass & Bronze,USA,HRD661204,1 IN PEX-A EXPANSION COUPLING BRASS,2234,2.37,0.00,0.00,2.37,USD,100959,2025-12-22,2026-01-03,2234
PO-202512-0489,2025-12-05,Pacific Rim Tooling,Vietnam,HRD900002,SMART THERMOSTAT WIFI 24V C-WIRE (NEW SKU),145,78.38,6.35,4.86,89.59,USD,100205,2026-01-12,2026-01-11,145
PO-202512-0490,2025-12-06,Anhui Precision Fittings,China,HRD107744,3/4 IN x 100FT SOFT COPPER COIL TYPE L,12,252.33,19.68,31.54,303.55,USD,100571,2026-01-28,2026-01-25,12
PO-202512-0491,2025-12-06,Thermaline Systems,Mexico,HRD290145,2 IN PVC DWV SANITARY TEE HUB,1432,4.77,0.11,0.00,4.88,USD,100117,2026-01-14,2026-01-13,1432
PO-202512-0492,2025-12-06,Gulf States Polymer,USA,HRD290145,2 IN PVC DWV SANITARY TEE HUB,1629,5.06,0.00,0.00,5.06,USD,100047,2026-01-18,2026-01-15,1629
PO-202512-0493,2025-12-06,Kotara Steel Products,India,HRD900001,6 IN DUCTILE IRON MJ GATE VALVE (NEW SKU),8,547.35,45.98,31.75,625.08,USD,100959,2026-02-17,2026-02-14,8
PO-202512-0494,2025-12-06,Larsen Brass & Bronze,USA,HRD551200,3/4 IN THERMOSTATIC MIXING VALVE LEAD FREE,126,150.32,0.00,0.00,150.32,USD,100349,2025-12-25,2025-12-25,126
PO-202512-0495,2025-12-08,Larsen Brass & Bronze,USA,HRD772310,3/4 IN BRASS BALL VALVE FULL PORT THREADED,566,11.87,0.00,0.00,11.87,USD,100812,2025-12-27,2025-12-27,566
PO-202512-0496,2025-12-08,Pacific Rim Tooling,Vietnam,HRD983377,3 TON 14 SEER AC CONDENSING UNIT R-410A,8,1317.71,106.73,81.70,1506.14,USD,100649,2026-01-15,2026-01-13,8
PO-202512-0497,2025-12-09,Cascade Copper Mills,USA,HRD118902,1/2 IN COPPER TYPE L HARD TUBE 10FT,453,20.22,0.00,0.00,20.22,USD,100571,2025-12-26,2025-12-24,453
PO-202512-0498,2025-12-09,Gulf States Polymer,USA,HRD304148,3/4 IN CPVC 90 DEG ELBOW SOCKET,1658,7.39,0.00,0.00,7.39,USD,100571,2026-01-21,2026-01-25,1658
PO-202512-0499,2025-12-09,Kotara Steel Products,India,HRD874019,4 IN CAST IRON NO-HUB COUPLING STAINLESS,373,7.74,0.65,0.45,8.84,USD,100959,2026-02-20,2026-03-02,373
PO-202512-0500,2025-12-12,Kotara Steel Products,India,HRD874019,4 IN CAST IRON NO-HUB COUPLING STAINLESS,467,7.78,0.65,0.45,8.88,USD,100812,2026-02-23,2026-02-21,467
PO-202512-0501,2025-12-12,Kotara Steel Products,India,HRD900003,2 IN STAINLESS PRESS COUPLING 316L (NEW SKU),90,26.88,2.26,1.56,30.70,USD,100205,2026-02-23,2026-03-06,90
PO-202512-0502,2025-12-13,Cascade Copper Mills,USA,HRD118902,1/2 IN COPPER TYPE L HARD TUBE 10FT,493,20.40,0.00,0.00,20.40,USD,100649,2025-12-30,2026-01-09,493
PO-202512-0503,2025-12-14,Nordflow Valve Works,Germany,HRD900003,2 IN STAINLESS PRESS COUPLING 316L (NEW SKU),54,27.51,1.40,0.74,29.65,USD,100933,2026-01-11,2026-01-13,54
PO-202512-0504,2025-12-15,Kotara Steel Products,India,HRD248813,1-1/4 IN GALVANIZED STEEL NIPPLE 6 IN,2550,1.66,0.14,0.10,1.90,USD,100933,2026-02-26,2026-02-25,2550
PO-202512-0505,2025-12-16,Pacific Rim Tooling,Vietnam,HRD335590,CHROME LAVATORY FAUCET 4 IN CENTERSET 2-HANDLE,76,87.13,7.06,5.40,99.59,USD,100959,2026-01-23,2026-01-28,76
PO-202512-0506,2025-12-16,Larsen Brass & Bronze,USA,HRD551200,3/4 IN THERMOSTATIC MIXING VALVE LEAD FREE,126,153.91,0.00,0.00,153.91,USD,100571,2026-01-04,2026-01-08,126
PO-202512-0507,2025-12-18,Larsen Brass & Bronze,USA,HRD107744,3/4 IN x 100FT SOFT COPPER COIL TYPE L,11,294.81,0.00,0.00,294.81,USD,100205,2026-01-06,2026-01-11,11
PO-202512-0508,2025-12-18,Thermaline Systems,Mexico,HRD551201,50 GAL HEAT PUMP WATER HEATER 240V,21,1229.08,29.50,0.00,1258.58,USD,100349,2026-01-26,2026-01-29,21
PO-202512-0509,2025-12-19,Gulf States Polymer,USA,HRD512066,1/2 IN x 300FT PEX-B TUBING RED,113,68.54,0.00,0.00,68.54,USD,100812,2026-01-31,2026-02-04,113
PO-202512-0510,2025-12-19,Larsen Brass & Bronze,USA,HRD661204,1 IN PEX-A EXPANSION COUPLING BRASS,2769,2.47,0.00,0.00,2.47,USD,100117,2026-01-07,2026-01-12,2769
PO-202512-0511,2025-12-20,Thermaline Systems,Mexico,HRD551201,50 GAL HEAT PUMP WATER HEATER 240V,17,1233.13,29.60,0.00,1262.73,USD,100205,2026-01-28,2026-01-25,17
PO-202512-0512,2025-12-22,Thermaline Systems,Mexico,HRD450871,40 GAL NATURAL GAS WATER HEATER 40 MBH,22,537.09,12.89,0.00,549.98,USD,100117,2026-01-30,2026-01-30,22
PO-202512-0513,2025-12-23,Kotara Steel Products,India,HRD874019,4 IN CAST IRON NO-HUB COUPLING STAINLESS,353,7.52,0.63,0.44,8.59,USD,100117,2026-03-06,2026-03-12,353
PO-202512-0514,2025-12-24,Kotara Steel Products,India,HRD900001,6 IN DUCTILE IRON MJ GATE VALVE (NEW SKU),8,552.20,46.38,32.03,630.61,USD,100933,2026-03-07,2026-03-05,8
PO-202512-0515,2025-12-25,Larsen Brass & Bronze,USA,HRD661204,1 IN PEX-A EXPANSION COUPLING BRASS,1619,2.44,0.00,0.00,2.44,USD,100349,2026-01-13,2026-01-19,1619
PO-202601-0516,2026-01-01,Pacific Rim Tooling,Vietnam,HRD118902,1/2 IN COPPER TYPE L HARD TUBE 10FT,349,18.03,1.46,1.12,20.61,USD,100205,2026-02-08,2026-02-05,349
PO-202601-0517,2026-01-01,Larsen Brass & Bronze,USA,HRD661204,1 IN PEX-A EXPANSION COUPLING BRASS,2860,2.44,0.00,0.00,2.44,USD,100349,2026-01-20,2026-01-17,2860
PO-202601-0518,2026-01-01,Larsen Brass & Bronze,USA,HRD661204,1 IN PEX-A EXPANSION COUPLING BRASS,2524,2.36,0.00,0.00,2.36,USD,100047,2026-01-20,2026-01-20,2524
PO-202601-0519,2026-01-01,Nordflow Valve Works,Germany,HRD900001,6 IN DUCTILE IRON MJ GATE VALVE (NEW SKU),9,610.08,31.11,16.47,657.66,USD,100047,2026-01-29,2026-01-29,9
PO-202601-0520,2026-01-02,Larsen Brass & Bronze,USA,HRD107744,3/4 IN x 100FT SOFT COPPER COIL TYPE L,12,301.42,0.00,0.00,301.42,USD,100959,2026-01-21,2026-01-18,12
PO-202601-0521,2026-01-02,Thermaline Systems,Mexico,HRD304148,3/4 IN CPVC 90 DEG ELBOW SOCKET,1366,7.37,0.18,0.00,7.55,USD,100349,2026-02-10,2026-02-19,1366
PO-202601-0522,2026-01-02,Anhui Precision Fittings,China,HRD900003,2 IN STAINLESS PRESS COUPLING 316L (NEW SKU),83,24.67,1.92,3.08,29.67,USD,100349,2026-02-24,2026-02-21,83
PO-202601-0523,2026-01-03,Larsen Brass & Bronze,USA,HRD107744,3/4 IN x 100FT SOFT COPPER COIL TYPE L,5,292.32,0.00,0.00,292.32,USD,100047,2026-01-22,2026-01-24,5
PO-202601-0524,2026-01-03,Thermaline Systems,Mexico,HRD512066,1/2 IN x 300FT PEX-B TUBING RED,89,66.37,1.59,0.00,67.96,USD,100933,2026-02-11,2026-02-08,89
PO-202601-0525,2026-01-05,Nordflow Valve Works,Germany,HRD772310,3/4 IN BRASS BALL VALVE FULL PORT THREADED,624,11.27,0.57,0.30,12.14,USD,100571,2026-02-02,2026-02-04,624
PO-202601-0526,2026-01-06,Larsen Brass & Bronze,USA,HRD107744,3/4 IN x 100FT SOFT COPPER COIL TYPE L,6,286.73,0.00,0.00,286.73,USD,100205,2026-01-25,2026-01-24,6
PO-202601-0527,2026-01-06,Kotara Steel Products,India,HRD248813,1-1/4 IN GALVANIZED STEEL NIPPLE 6 IN,2514,1.69,0.14,0.10,1.93,USD,100205,2026-03-20,2026-03-26,2514
PO-202601-0528,2026-01-07,Gulf States Polymer,USA,HRD512066,1/2 IN x 300FT PEX-B TUBING RED,168,68.70,0.00,0.00,68.70,USD,100571,2026-02-19,2026-02-18,168
PO-202601-0529,2026-01-09,Anhui Precision Fittings,China,HRD874019,4 IN CAST IRON NO-HUB COUPLING STAINLESS,490,7.36,0.57,0.92,8.85,USD,100959,2026-03-03,2026-03-03,490
PO-202601-0530,2026-01-09,Thermaline Systems,Mexico,HRD900002,SMART THERMOSTAT WIFI 24V C-WIRE (NEW SKU),127,88.68,2.13,0.00,90.81,USD,100047,2026-02-17,2026-02-15,115
PO-202601-0531,2026-01-09,Nordflow Valve Works,Germany,HRD551200,3/4 IN THERMOSTATIC MIXING VALVE LEAD FREE,168,140.85,7.18,3.80,151.83,USD,100117,2026-02-06,2026-02-12,168
PO-202601-0532,2026-01-10,Cascade Copper Mills,USA,HRD118902,1/2 IN COPPER TYPE L HARD TUBE 10FT,557,20.36,0.00,0.00,20.36,USD,100047,2026-01-27,2026-01-27,557
PO-202601-0533,2026-01-11,Kotara Steel Products,India,HRD248813,1-1/4 IN GALVANIZED STEEL NIPPLE 6 IN,1973,1.65,0.14,0.10,1.89,USD,100349,2026-03-25,2026-03-25,1973
PO-202601-0534,2026-01-13,Pacific Rim Tooling,Vietnam,HRD900002,SMART THERMOSTAT WIFI 24V C-WIRE (NEW SKU),153,80.17,6.49,4.97,91.63,USD,100959,2026-02-20,2026-02-19,153
PO-202601-0535,2026-01-15,Pacific Rim Tooling,Vietnam,HRD118902,1/2 IN COPPER TYPE L HARD TUBE 10FT,400,17.99,1.46,1.12,20.57,USD,100571,2026-02-22,2026-02-19,400
PO-202601-0536,2026-01-16,Gulf States Polymer,USA,HRD304148,3/4 IN CPVC 90 DEG ELBOW SOCKET,1568,7.35,0.00,0.00,7.35,USD,100047,2026-02-28,2026-03-06,1348
PO-202601-0537,2026-01-16,Larsen Brass & Bronze,USA,HRD335590,CHROME LAVATORY FAUCET 4 IN CENTERSET 2-HANDLE,183,98.33,0.00,0.00,98.33,USD,100649,2026-02-04,2026-02-05,183
PO-202601-0538,2026-01-17,Nordflow Valve Works,Germany,HRD772310,3/4 IN BRASS BALL VALVE FULL PORT THREADED,427,11.58,0.59,0.31,12.48,USD,100649,2026-02-14,2026-02-13,427
PO-202601-0539,2026-01-18,Anhui Precision Fittings,China,HRD335590,CHROME LAVATORY FAUCET 4 IN CENTERSET 2-HANDLE,127,83.44,6.51,10.43,100.38,USD,100933,2026-03-12,2026-03-09,127
PO-202601-0540,2026-01-18,Anhui Precision Fittings,China,HRD900003,2 IN STAINLESS PRESS COUPLING 316L (NEW SKU),120,25.01,1.95,3.13,30.09,USD,100649,2026-03-12,2026-03-15,120
PO-202601-0541,2026-01-18,Thermaline Systems,Mexico,HRD551201,50 GAL HEAT PUMP WATER HEATER 240V,16,1263.68,30.33,0.00,1294.01,USD,100205,2026-02-26,2026-02-25,16
PO-202601-0542,2026-01-19,Gulf States Polymer,USA,HRD290145,2 IN PVC DWV SANITARY TEE HUB,1589,4.92,0.00,0.00,4.92,USD,100649,2026-03-03,2026-03-07,1589
PO-202601-0543,2026-01-19,Thermaline Systems,Mexico,HRD551201,50 GAL HEAT PUMP WATER HEATER 240V,21,1265.64,30.38,0.00,1296.02,USD,100047,2026-02-27,2026-03-11,21
PO-202601-0544,2026-01-22,Nordflow Valve Works,Germany,HRD551200,3/4 IN THERMOSTATIC MIXING VALVE LEAD FREE,162,145.12,7.40,3.92,156.44,USD,100205,2026-02-19,2026-02-17,162
PO-202601-0545,2026-01-23,Thermaline Systems,Mexico,HRD450871,40 GAL NATURAL GAS WATER HEATER 40 MBH,15,539.97,12.96,0.00,552.93,USD,100117,2026-03-03,2026-03-01,15
PO-202601-0546,2026-01-25,Pacific Rim Tooling,Vietnam,HRD983377,3 TON 14 SEER AC CONDENSING UNIT R-410A,8,1377.73,111.60,85.42,1574.75,USD,100117,2026-03-04,2026-03-01,8
PO-202602-0547,2026-02-01,Pacific Rim Tooling,Vietnam,HRD983377,3 TON 14 SEER AC CONDENSING UNIT R-410A,5,1384.30,112.13,85.83,1582.26,USD,100349,2026-03-11,2026-03-08,5
PO-202602-0548,2026-02-02,Kotara Steel Products,India,HRD248813,1-1/4 IN GALVANIZED STEEL NIPPLE 6 IN,2314,1.66,0.14,0.10,1.90,USD,100959,2026-04-16,2026-04-15,2314
PO-202602-0549,2026-02-02,Nordflow Valve Works,Germany,HRD551200,3/4 IN THERMOSTATIC MIXING VALVE LEAD FREE,186,147.26,7.51,3.98,158.75,USD,100349,2026-03-02,2026-03-14,186
PO-202602-0550,2026-02-03,Kotara Steel Products,India,HRD900001,6 IN DUCTILE IRON MJ GATE VALVE (NEW SKU),7,580.31,48.75,33.66,662.72,USD,100205,2026-04-17,2026-04-14,7
PO-202602-0551,2026-02-05,Kotara Steel Products,India,HRD450871,40 GAL NATURAL GAS WATER HEATER 40 MBH,20,495.49,41.62,28.74,565.85,USD,100047,2026-04-19,2026-04-28,20
PO-202602-0552,2026-02-06,Cascade Copper Mills,USA,HRD118902,1/2 IN COPPER TYPE L HARD TUBE 10FT,507,20.20,0.00,0.00,20.20,USD,100959,2026-02-23,2026-02-22,507
PO-202602-0553,2026-02-07,Pacific Rim Tooling,Vietnam,HRD900002,SMART THERMOSTAT WIFI 24V C-WIRE (NEW SKU),147,79.44,6.43,4.93,90.80,USD,100933,2026-03-17,2026-03-17,147
PO-202602-0554,2026-02-08,Kotara Steel Products,India,HRD248813,1-1/4 IN GALVANIZED STEEL NIPPLE 6 IN,2496,1.61,0.14,0.09,1.84,USD,100047,2026-04-22,2026-04-22,2496
PO-202602-0555,2026-02-08,Kotara Steel Products,India,HRD900003,2 IN STAINLESS PRESS COUPLING 316L (NEW SKU),156,25.88,2.17,1.50,29.55,USD,100649,2026-04-22,2026-04-28,156
PO-202602-0556,2026-02-09,Cascade Copper Mills,USA,HRD107744,3/4 IN x 100FT SOFT COPPER COIL TYPE L,10,289.92,0.00,0.00,289.92,USD,100812,2026-02-26,2026-03-07,10
PO-202602-0557,2026-02-10,Thermaline Systems,Mexico,HRD450871,40 GAL NATURAL GAS WATER HEATER 40 MBH,25,526.12,12.63,0.00,538.75,USD,100205,2026-03-21,2026-03-19,25
PO-202602-0558,2026-02-10,Nordflow Valve Works,Germany,HRD772310,3/4 IN BRASS BALL VALVE FULL PORT THREADED,417,11.44,0.58,0.31,12.33,USD,100047,2026-03-10,2026-03-10,380
PO-202602-0559,2026-02-10,Larsen Brass & Bronze,USA,HRD551200,3/4 IN THERMOSTATIC MIXING VALVE LEAD FREE,119,152.51,0.00,0.00,152.51,USD,100047,2026-03-01,2026-02-27,119
PO-202602-0560,2026-02-11,Thermaline Systems,Mexico,HRD551201,50 GAL HEAT PUMP WATER HEATER 240V,17,1246.50,29.92,0.00,1276.42,USD,100649,2026-03-22,2026-03-20,17
PO-202602-0561,2026-02-12,Pacific Rim Tooling,Vietnam,HRD335590,CHROME LAVATORY FAUCET 4 IN CENTERSET 2-HANDLE,97,88.88,7.20,5.51,101.59,USD,100933,2026-03-22,2026-03-20,97
PO-202602-0562,2026-02-12,Larsen Brass & Bronze,USA,HRD335590,CHROME LAVATORY FAUCET 4 IN CENTERSET 2-HANDLE,118,99.01,0.00,0.00,99.01,USD,100349,2026-03-03,2026-03-03,118
PO-202602-0563,2026-02-13,Kotara Steel Products,India,HRD900003,2 IN STAINLESS PRESS COUPLING 316L (NEW SKU),64,26.85,2.26,1.56,30.67,USD,100205,2026-04-27,2026-04-26,64
PO-202602-0564,2026-02-13,Pacific Rim Tooling,Vietnam,HRD983377,3 TON 14 SEER AC CONDENSING UNIT R-410A,7,1343.41,108.82,83.29,1535.52,USD,100649,2026-03-23,2026-03-21,7
PO-202602-0565,2026-02-15,Kotara Steel Products,India,HRD248813,1-1/4 IN GALVANIZED STEEL NIPPLE 6 IN,1940,1.67,0.14,0.10,1.91,USD,100933,2026-04-29,2026-04-28,1940
PO-202602-0566,2026-02-15,Kotara Steel Products,India,HRD551201,50 GAL HEAT PUMP WATER HEATER 240V,7,1102.26,92.59,63.93,1258.78,USD,100812,2026-04-29,2026-04-28,7
PO-202602-0567,2026-02-16,Anhui Precision Fittings,China,HRD874019,4 IN CAST IRON NO-HUB COUPLING STAINLESS,402,7.52,0.59,0.94,9.05,USD,100649,2026-04-10,2026-04-07,393
PO-202602-0568,2026-02-17,Nordflow Valve Works,Germany,HRD551200,3/4 IN THERMOSTATIC MIXING VALVE LEAD FREE,166,143.95,7.34,3.89,155.18,USD,100933,2026-03-17,2026-03-16,166
PO-202602-0569,2026-02-18,Pacific Rim Tooling,Vietnam,HRD118902,1/2 IN COPPER TYPE L HARD TUBE 10FT,336,18.20,1.47,1.13,20.80,USD,100349,2026-03-28,2026-04-08,336
PO-202602-0570,2026-02-18,Gulf States Polymer,USA,HRD661204,1 IN PEX-A EXPANSION COUPLING BRASS,2141,2.41,0.00,0.00,2.41,USD,100047,2026-04-02,2026-03-30,2141
PO-202602-0571,2026-02-20,Gulf States Polymer,USA,HRD304148,3/4 IN CPVC 90 DEG ELBOW SOCKET,1810,7.45,0.00,0.00,7.45,USD,100047,2026-04-04,2026-04-09,1810
PO-202602-0572,2026-02-20,Gulf States Polymer,USA,HRD512066,1/2 IN x 300FT PEX-B TUBING RED,91,71.16,0.00,0.00,71.16,USD,100047,2026-04-04,2026-04-02,91
PO-202602-0573,2026-02-21,Thermaline Systems,Mexico,HRD900002,SMART THERMOSTAT WIFI 24V C-WIRE (NEW SKU),116,86.20,2.07,0.00,88.27,USD,100649,2026-04-01,2026-04-01,116
PO-202602-0574,2026-02-22,Cascade Copper Mills,USA,HRD107744,3/4 IN x 100FT SOFT COPPER COIL TYPE L,10,298.91,0.00,0.00,298.91,USD,100117,2026-03-11,2026-03-11,10
PO-202602-0575,2026-02-22,Nordflow Valve Works,Germany,HRD900001,6 IN DUCTILE IRON MJ GATE VALVE (NEW SKU),7,586.28,29.90,15.83,632.01,USD,100047,2026-03-22,2026-03-26,7
PO-202602-0576,2026-02-22,Kotara Steel Products,India,HRD551201,50 GAL HEAT PUMP WATER HEATER 240V,18,1081.93,90.88,62.75,1235.56,USD,100349,2026-05-06,2026-05-15,18
PO-202602-0577,2026-02-24,Gulf States Polymer,USA,HRD290145,2 IN PVC DWV SANITARY TEE HUB,2008,5.01,0.00,0.00,5.01,USD,100571,2026-04-08,2026-04-08,2008
PO-202602-0578,2026-02-25,Kotara Steel Products,India,HRD900003,2 IN STAINLESS PRESS COUPLING 316L (NEW SKU),109,26.04,2.19,1.51,29.74,USD,100571,2026-05-09,2026-05-09,109
PO-202603-0579,2026-03-01,Gulf States Polymer,USA,HRD290145,2 IN PVC DWV SANITARY TEE HUB,2221,4.96,0.00,0.00,4.96,USD,100812,2026-04-13,2026-04-24,2221
PO-202603-0580,2026-03-03,Thermaline Systems,Mexico,HRD304148,3/4 IN CPVC 90 DEG ELBOW SOCKET,1233,7.18,0.17,0.00,7.35,USD,100205,2026-04-11,2026-04-08,1233
PO-202603-0581,2026-03-03,Anhui Precision Fittings,China,HRD335590,CHROME LAVATORY FAUCET 4 IN CENTERSET 2-HANDLE,84,85.61,6.68,10.70,102.99,USD,100205,2026-04-25,2026-04-22,84
PO-202603-0582,2026-03-03,Kotara Steel Products,India,HRD450871,40 GAL NATURAL GAS WATER HEATER 40 MBH,10,494.79,41.56,28.70,565.05,USD,100117,2026-05-15,2026-05-12,10
PO-202603-0583,2026-03-03,Pacific Rim Tooling,Vietnam,HRD983377,3 TON 14 SEER AC CONDENSING UNIT R-410A,17,1394.10,112.92,86.43,1593.45,USD,100812,2026-04-10,2026-04-07,17
PO-202603-0584,2026-03-04,Kotara Steel Products,India,HRD450871,40 GAL NATURAL GAS WATER HEATER 40 MBH,8,479.24,40.26,27.80,547.30,USD,100571,2026-05-16,2026-05-21,8
PO-202603-0585,2026-03-04,Kotara Steel Products,India,HRD874019,4 IN CAST IRON NO-HUB COUPLING STAINLESS,321,8.01,0.67,0.46,9.14,USD,100047,2026-05-16,2026-05-18,321
PO-202603-0586,2026-03-04,Thermaline Systems,Mexico,HRD551201,50 GAL HEAT PUMP WATER HEATER 240V,10,1230.05,29.52,0.00,1259.57,USD,100812,2026-04-12,2026-04-17,10
PO-202603-0587,2026-03-07,Anhui Precision Fittings,China,HRD107744,3/4 IN x 100FT SOFT COPPER COIL TYPE L,16,240.03,18.72,30.00,288.75,USD,100047,2026-04-29,2026-04-29,16
PO-202603-0588,2026-03-08,Kotara Steel Products,India,HRD900003,2 IN STAINLESS PRESS COUPLING 316L (NEW SKU),114,25.97,2.18,1.51,29.66,USD,100812,2026-05-20,2026-05-20,114
PO-202603-0589,2026-03-09,Kotara Steel Products,India,HRD874019,4 IN CAST IRON NO-HUB COUPLING STAINLESS,358,7.62,0.64,0.44,8.70,USD,100959,2026-05-21,2026-05-21,358
PO-202603-0590,2026-03-09,Pacific Rim Tooling,Vietnam,HRD900002,SMART THERMOSTAT WIFI 24V C-WIRE (NEW SKU),141,78.04,6.32,4.84,89.20,USD,100349,2026-04-16,2026-04-14,141
PO-202603-0591,2026-03-09,Thermaline Systems,Mexico,HRD983377,3 TON 14 SEER AC CONDENSING UNIT R-410A,9,1528.23,36.68,0.00,1564.91,USD,100933,2026-04-17,2026-04-17,9
PO-202603-0592,2026-03-10,Larsen Brass & Bronze,USA,HRD335590,CHROME LAVATORY FAUCET 4 IN CENTERSET 2-HANDLE,99,101.22,0.00,0.00,101.22,USD,100047,2026-03-29,2026-04-03,99
PO-202603-0593,2026-03-10,Anhui Precision Fittings,China,HRD874019,4 IN CAST IRON NO-HUB COUPLING STAINLESS,409,7.45,0.58,0.93,8.96,USD,100649,2026-05-02,2026-05-02,409
PO-202603-0594,2026-03-10,Thermaline Systems,Mexico,HRD551201,50 GAL HEAT PUMP WATER HEATER 240V,13,1216.74,29.20,0.00,1245.94,USD,100959,2026-04-18,2026-04-18,11
PO-202603-0595,2026-03-11,Pacific Rim Tooling,Vietnam,HRD118902,1/2 IN COPPER TYPE L HARD TUBE 10FT,469,18.22,1.48,1.13,20.83,USD,100812,2026-04-18,2026-04-16,469
PO-202603-0596,2026-03-11,Nordflow Valve Works,Germany,HRD900001,6 IN DUCTILE IRON MJ GATE VALVE (NEW SKU),8,591.93,30.19,15.98,638.10,USD,100571,2026-04-08,2026-04-06,8
PO-202603-0597,2026-03-11,Larsen Brass & Bronze,USA,HRD551200,3/4 IN THERMOSTATIC MIXING VALVE LEAD FREE,69,157.11,0.00,0.00,157.11,USD,100047,2026-03-30,2026-03-28,63
PO-202603-0598,2026-03-12,Cascade Copper Mills,USA,HRD118902,1/2 IN COPPER TYPE L HARD TUBE 10FT,667,20.55,0.00,0.00,20.55,USD,100571,2026-03-29,2026-03-29,667
PO-202603-0599,2026-03-12,Anhui Precision Fittings,China,HRD248813,1-1/4 IN GALVANIZED STEEL NIPPLE 6 IN,2129,1.55,0.12,0.19,1.86,USD,100571,2026-05-04,2026-05-02,2129
PO-202603-0600,2026-03-12,Larsen Brass & Bronze,USA,HRD661204,1 IN PEX-A EXPANSION COUPLING BRASS,2067,2.37,0.00,0.00,2.37,USD,100933,2026-03-31,2026-03-31,2067
PO-202603-0601,2026-03-12,Larsen Brass & Bronze,USA,HRD772310,3/4 IN BRASS BALL VALVE FULL PORT THREADED,464,12.44,0.00,0.00,12.44,USD,100205,2026-03-31,2026-03-29,464
PO-202603-0602,2026-03-12,Larsen Brass & Bronze,USA,HRD772310,3/4 IN BRASS BALL VALVE FULL PORT THREADED,386,12.12,0.00,0.00,12.12,USD,100117,2026-03-31,2026-03-31,386
PO-202603-0603,2026-03-13,Pacific Rim Tooling,Vietnam,HRD335590,CHROME LAVATORY FAUCET 4 IN CENTERSET 2-HANDLE,83,89.29,7.23,5.54,102.06,USD,100649,2026-04-20,2026-04-21,83
PO-202603-0604,2026-03-14,Gulf States Polymer,USA,HRD290145,2 IN PVC DWV SANITARY TEE HUB,2758,4.90,0.00,0.00,4.90,USD,100933,2026-04-26,2026-04-25,2758
PO-202603-0605,2026-03-14,Pacific Rim Tooling,Vietnam,HRD900002,SMART THERMOSTAT WIFI 24V C-WIRE (NEW SKU),157,81.03,6.56,5.02,92.61,USD,100933,2026-04-21,2026-04-27,157
PO-202603-0606,2026-03-16,Cascade Copper Mills,USA,HRD107744,3/4 IN x 100FT SOFT COPPER COIL TYPE L,14,302.87,0.00,0.00,302.87,USD,100959,2026-04-02,2026-04-01,14
PO-202603-0607,2026-03-16,Nordflow Valve Works,Germany,HRD900003,2 IN STAINLESS PRESS COUPLING 316L (NEW SKU),126,28.10,1.43,0.76,30.29,USD,100933,2026-04-13,2026-04-10,126
PO-202603-0608,2026-03-17,Gulf States Polymer,USA,HRD661204,1 IN PEX-A EXPANSION COUPLING BRASS,1591,2.40,0.00,0.00,2.40,USD,100205,2026-04-29,2026-05-04,1591
PO-202603-0609,2026-03-19,Nordflow Valve Works,Germany,HRD551200,3/4 IN THERMOSTATIC MIXING VALVE LEAD FREE,94,144.87,7.39,3.91,156.17,USD,100933,2026-04-16,2026-04-14,94
PO-202603-0610,2026-03-22,Thermaline Systems,Mexico,HRD450871,40 GAL NATURAL GAS WATER HEATER 40 MBH,10,525.21,12.61,0.00,537.82,USD,100349,2026-04-30,2026-04-30,10
PO-202603-0611,2026-03-22,Gulf States Polymer,USA,HRD512066,1/2 IN x 300FT PEX-B TUBING RED,134,67.70,0.00,0.00,67.70,USD,100205,2026-05-04,2026-05-10,134
PO-202603-0612,2026-03-22,Thermaline Systems,Mexico,HRD512066,1/2 IN x 300FT PEX-B TUBING RED,54,68.44,1.64,0.00,70.08,USD,100117,2026-04-30,2026-04-28,54
PO-202603-0613,2026-03-23,Thermaline Systems,Mexico,HRD304148,3/4 IN CPVC 90 DEG ELBOW SOCKET,1524,7.34,0.18,0.00,7.52,USD,100117,2026-05-01,2026-05-01,1524
PO-202603-0614,2026-03-23,Thermaline Systems,Mexico,HRD983377,3 TON 14 SEER AC CONDENSING UNIT R-410A,14,1484.64,35.63,0.00,1520.27,USD,100047,2026-05-01,2026-05-01,14
PO-202603-0615,2026-03-23,Larsen Brass & Bronze,USA,HRD551200,3/4 IN THERMOSTATIC MIXING VALVE LEAD FREE,53,152.22,0.00,0.00,152.22,USD,100959,2026-04-11,2026-04-09,53
PO-202603-0616,2026-03-25,Cascade Copper Mills,USA,HRD107744,3/4 IN x 100FT SOFT COPPER COIL TYPE L,18,291.94,0.00,0.00,291.94,USD,100349,2026-04-11,2026-04-15,18
PO-202604-0617,2026-04-01,Nordflow Valve Works,Germany,HRD772310,3/4 IN BRASS BALL VALVE FULL PORT THREADED,365,11.68,0.60,0.32,12.60,USD,100649,2026-04-29,2026-05-06,365
PO-202604-0618,2026-04-01,Pacific Rim Tooling,Vietnam,HRD983377,3 TON 14 SEER AC CONDENSING UNIT R-410A,10,1393.75,112.89,86.41,1593.05,USD,100649,2026-05-09,2026-05-06,10
PO-202604-0619,2026-04-02,Thermaline Systems,Mexico,HRD304148,3/4 IN CPVC 90 DEG ELBOW SOCKET,2193,7.46,0.18,0.00,7.64,USD,100349,2026-05-11,2026-05-08,2193
PO-202604-0620,2026-04-03,Nordflow Valve Works,Germany,HRD900001,6 IN DUCTILE IRON MJ GATE VALVE (NEW SKU),14,597.27,30.46,16.13,643.86,USD,100047,2026-05-01,2026-05-09,14
PO-202604-0621,2026-04-03,Thermaline Systems,Mexico,HRD551201,50 GAL HEAT PUMP WATER HEATER 240V,10,1232.13,29.57,0.00,1261.70,USD,100205,2026-05-12,2026-05-23,10
PO-202604-0622,2026-04-05,Gulf States Polymer,USA,HRD290145,2 IN PVC DWV SANITARY TEE HUB,1833,5.12,0.00,0.00,5.12,USD,100649,2026-05-18,2026-05-17,1833
PO-202604-0623,2026-04-05,Kotara Steel Products,India,HRD450871,40 GAL NATURAL GAS WATER HEATER 40 MBH,10,500.31,42.03,29.02,571.36,USD,100959,2026-06-17,2026-06-14,10
PO-202604-0624,2026-04-06,Pacific Rim Tooling,Vietnam,HRD118902,1/2 IN COPPER TYPE L HARD TUBE 10FT,396,17.79,1.44,1.10,20.33,USD,100205,2026-05-14,2026-05-26,396
PO-202604-0625,2026-04-06,Nordflow Valve Works,Germany,HRD551200,3/4 IN THERMOSTATIC MIXING VALVE LEAD FREE,137,149.38,7.62,4.03,161.03,USD,100349,2026-05-04,2026-05-01,137
PO-202604-0626,2026-04-07,Gulf States Polymer,USA,HRD304148,3/4 IN CPVC 90 DEG ELBOW SOCKET,2609,7.27,0.00,0.00,7.27,USD,100933,2026-05-20,2026-05-19,2522
PO-202604-0627,2026-04-08,Nordflow Valve Works,Germany,HRD772310,3/4 IN BRASS BALL VALVE FULL PORT THREADED,529,11.49,0.59,0.31,12.39,USD,100933,2026-05-06,2026-05-16,495
PO-202604-0628,2026-04-10,Cascade Copper Mills,USA,HRD118902,1/2 IN COPPER TYPE L HARD TUBE 10FT,447,20.52,0.00,0.00,20.52,USD,100571,2026-04-27,2026-04-27,447
PO-202604-0629,2026-04-10,Kotara Steel Products,India,HRD450871,40 GAL NATURAL GAS WATER HEATER 40 MBH,14,476.13,39.99,27.62,543.74,USD,100349,2026-06-22,2026-06-20,14
PO-202604-0630,2026-04-12,Kotara Steel Products,India,HRD874019,4 IN CAST IRON NO-HUB COUPLING STAINLESS,542,7.91,0.66,0.46,9.03,USD,100117,2026-06-24,2026-06-24,542
PO-202604-0631,2026-04-13,Kotara Steel Products,India,HRD248813,1-1/4 IN GALVANIZED STEEL NIPPLE 6 IN,2566,1.63,0.14,0.09,1.86,USD,100047,2026-06-25,2026-06-29,2566
PO-202604-0632,2026-04-13,Kotara Steel Products,India,HRD248813,1-1/4 IN GALVANIZED STEEL NIPPLE 6 IN,1656,1.68,0.14,0.10,1.92,USD,100812,2026-06-25,2026-06-23,1656
PO-202604-0633,2026-04-13,Gulf States Polymer,USA,HRD661204,1 IN PEX-A EXPANSION COUPLING BRASS,1713,2.38,0.00,0.00,2.38,USD,100933,2026-05-26,2026-05-29,1713
PO-202604-0634,2026-04-13,Larsen Brass & Bronze,USA,HRD772310,3/4 IN BRASS BALL VALVE FULL PORT THREADED,370,12.52,0.00,0.00,12.52,USD,100047,2026-05-02,2026-04-30,370
PO-202604-0635,2026-04-14,Gulf States Polymer,USA,HRD304148,3/4 IN CPVC 90 DEG ELBOW SOCKET,1694,7.59,0.00,0.00,7.59,USD,100205,2026-05-27,2026-05-31,1694
PO-202604-0636,2026-04-14,Thermaline Systems,Mexico,HRD983377,3 TON 14 SEER AC CONDENSING UNIT R-410A,12,1510.42,36.25,0.00,1546.67,USD,100959,2026-05-23,2026-05-29,12
PO-202604-0637,2026-04-15,Pacific Rim Tooling,Vietnam,HRD335590,CHROME LAVATORY FAUCET 4 IN CENTERSET 2-HANDLE,133,89.77,7.27,5.57,102.61,USD,100571,2026-05-23,2026-05-20,133
PO-202604-0638,2026-04-16,Anhui Precision Fittings,China,HRD874019,4 IN CAST IRON NO-HUB COUPLING STAINLESS,620,7.59,0.59,0.95,9.13,USD,100205,2026-06-08,2026-06-05,575
PO-202604-0639,2026-04-18,Kotara Steel Products,India,HRD900003,2 IN STAINLESS PRESS COUPLING 316L (NEW SKU),100,26.76,2.25,1.55,30.56,USD,100047,2026-06-30,2026-06-29,95
PO-202604-0640,2026-04-18,Larsen Brass & Bronze,USA,HRD551200,3/4 IN THERMOSTATIC MIXING VALVE LEAD FREE,107,156.39,0.00,0.00,156.39,USD,100571,2026-05-07,2026-05-04,107
PO-202604-0641,2026-04-19,Thermaline Systems,Mexico,HRD512066,1/2 IN x 300FT PEX-B TUBING RED,79,69.94,1.68,0.00,71.62,USD,100649,2026-05-28,2026-05-26,79
PO-202604-0642,2026-04-20,Larsen Brass & Bronze,USA,HRD335590,CHROME LAVATORY FAUCET 4 IN CENTERSET 2-HANDLE,90,101.33,0.00,0.00,101.33,USD,100959,2026-05-09,2026-05-07,90
PO-202604-0643,2026-04-20,Pacific Rim Tooling,Vietnam,HRD900002,SMART THERMOSTAT WIFI 24V C-WIRE (NEW SKU),98,82.45,6.68,5.11,94.24,USD,100933,2026-05-28,2026-05-25,98
PO-202604-0644,2026-04-22,Cascade Copper Mills,USA,HRD107744,3/4 IN x 100FT SOFT COPPER COIL TYPE L,18,300.32,0.00,0.00,300.32,USD,100047,2026-05-09,2026-05-21,18
PO-202604-0645,2026-04-22,Thermaline Systems,Mexico,HRD983377,3 TON 14 SEER AC CONDENSING UNIT R-410A,10,1541.94,37.01,0.00,1578.95,USD,100205,2026-05-31,2026-05-31,10
PO-202604-0646,2026-04-24,Gulf States Polymer,USA,HRD512066,1/2 IN x 300FT PEX-B TUBING RED,94,68.31,0.00,0.00,68.31,USD,100047,2026-06-06,2026-06-06,94
PO-202604-0647,2026-04-24,Kotara Steel Products,India,HRD874019,4 IN CAST IRON NO-HUB COUPLING STAINLESS,244,7.83,0.66,0.45,8.94,USD,100649,2026-07-06,2026-07-06,244
PO-202604-0648,2026-04-24,Kotara Steel Products,India,HRD900001,6 IN DUCTILE IRON MJ GATE VALVE (NEW SKU),13,578.32,48.58,33.54,660.44,USD,100933,2026-07-06,2026-07-04,13
PO-202604-0649,2026-04-24,Kotara Steel Products,India,HRD551201,50 GAL HEAT PUMP WATER HEATER 240V,9,1093.32,91.84,63.41,1248.57,USD,100117,2026-07-06,2026-07-04,9
PO-202605-0650,2026-05-01,Anhui Precision Fittings,China,HRD107744,3/4 IN x 100FT SOFT COPPER COIL TYPE L,9,244.44,19.07,30.56,294.07,USD,100117,2026-06-23,2026-06-20,9
PO-202605-0651,2026-05-01,Larsen Brass & Bronze,USA,HRD335590,CHROME LAVATORY FAUCET 4 IN CENTERSET 2-HANDLE,64,102.88,0.00,0.00,102.88,USD,100117,2026-05-20,2026-05-17,64
PO-202605-0652,2026-05-01,Thermaline Systems,Mexico,HRD551201,50 GAL HEAT PUMP WATER HEATER 240V,12,1230.31,29.53,0.00,1259.84,USD,100047,2026-06-09,2026-06-09,12
PO-202605-0653,2026-05-02,Thermaline Systems,Mexico,HRD450871,40 GAL NATURAL GAS WATER HEATER 40 MBH,6,537.18,12.89,0.00,550.07,USD,100117,2026-06-10,2026-06-18,6
PO-202605-0654,2026-05-02,Anhui Precision Fittings,China,HRD661204,1 IN PEX-A EXPANSION COUPLING BRASS,1621,2.04,0.16,0.26,2.46,USD,100117,2026-06-24,2026-06-28,1621
PO-202605-0655,2026-05-03,Gulf States Polymer,USA,HRD661204,1 IN PEX-A EXPANSION COUPLING BRASS,1752,2.39,0.00,0.00,2.39,USD,100959,2026-06-15,2026-06-18,1752
PO-202605-0656,2026-05-06,Kotara Steel Products,India,HRD450871,40 GAL NATURAL GAS WATER HEATER 40 MBH,6,486.08,40.83,28.19,555.10,USD,100812,2026-07-18,2026-07-15,6
PO-202605-0657,2026-05-06,Gulf States Polymer,USA,HRD512066,1/2 IN x 300FT PEX-B TUBING RED,79,70.92,0.00,0.00,70.92,USD,100812,2026-06-18,2026-06-18,79
PO-202605-0658,2026-05-06,Anhui Precision Fittings,China,HRD661204,1 IN PEX-A EXPANSION COUPLING BRASS,1610,1.94,0.15,0.24,2.33,USD,100812,2026-06-28,2026-06-27,1610
PO-202605-0659,2026-05-08,Cascade Copper Mills,USA,HRD118902,1/2 IN COPPER TYPE L HARD TUBE 10FT,656,19.98,0.00,0.00,19.98,USD,100117,2026-05-25,2026-05-23,656
PO-202605-0660,2026-05-08,Larsen Brass & Bronze,USA,HRD335590,CHROME LAVATORY FAUCET 4 IN CENTERSET 2-HANDLE,109,101.22,0.00,0.00,101.22,USD,100205,2026-05-27,2026-06-07,109
PO-202605-0661,2026-05-09,Kotara Steel Products,India,HRD900003,2 IN STAINLESS PRESS COUPLING 316L (NEW SKU),158,26.30,2.21,1.53,30.04,USD,100812,2026-07-21,2026-07-19,158
PO-202605-0662,2026-05-09,Thermaline Systems,Mexico,HRD551201,50 GAL HEAT PUMP WATER HEATER 240V,12,1222.74,29.35,0.00,1252.09,USD,100349,2026-06-17,2026-06-17,12
PO-202605-0663,2026-05-10,Kotara Steel Products,India,HRD874019,4 IN CAST IRON NO-HUB COUPLING STAINLESS,578,7.72,0.65,0.45,8.82,USD,100933,2026-07-22,2026-08-02,578
PO-202605-0664,2026-05-10,Kotara Steel Products,India,HRD900001,6 IN DUCTILE IRON MJ GATE VALVE (NEW SKU),12,561.69,47.18,32.58,641.45,USD,100117,2026-07-22,2026-07-20,12
PO-202605-0665,2026-05-11,Larsen Brass & Bronze,USA,HRD551200,3/4 IN THERMOSTATIC MIXING VALVE LEAD FREE,93,160.54,0.00,0.00,160.54,USD,100205,2026-05-30,2026-05-30,93
PO-202605-0666,2026-05-13,Cascade Copper Mills,USA,HRD118902,1/2 IN COPPER TYPE L HARD TUBE 10FT,689,20.74,0.00,0.00,20.74,USD,100205,2026-05-30,2026-05-29,671
PO-202605-0667,2026-05-13,Anhui Precision Fittings,China,HRD335590,CHROME LAVATORY FAUCET 4 IN CENTERSET 2-HANDLE,68,85.04,6.63,10.63,102.30,USD,100349,2026-07-05,2026-07-03,68
PO-202605-0668,2026-05-14,Kotara Steel Products,India,HRD874019,4 IN CAST IRON NO-HUB COUPLING STAINLESS,619,8.00,0.67,0.46,9.13,USD,100812,2026-07-26,2026-07-25,619
PO-202605-0669,2026-05-15,Anhui Precision Fittings,China,HRD772310,3/4 IN BRASS BALL VALVE FULL PORT THREADED,476,10.50,0.82,1.31,12.63,USD,100571,2026-07-07,2026-07-13,476
PO-202605-0670,2026-05-15,Anhui Precision Fittings,China,HRD874019,4 IN CAST IRON NO-HUB COUPLING STAINLESS,413,7.41,0.58,0.93,8.92,USD,100349,2026-07-07,2026-07-04,413
PO-202605-0671,2026-05-18,Pacific Rim Tooling,Vietnam,HRD900002,SMART THERMOSTAT WIFI 24V C-WIRE (NEW SKU),70,82.50,6.68,5.12,94.30,USD,100649,2026-06-25,2026-06-24,70
PO-202605-0672,2026-05-19,Anhui Precision Fittings,China,HRD107744,3/4 IN x 100FT SOFT COPPER COIL TYPE L,12,248.99,19.42,31.12,299.53,USD,100649,2026-07-11,2026-07-09,12
PO-202605-0673,2026-05-20,Nordflow Valve Works,Germany,HRD772310,3/4 IN BRASS BALL VALVE FULL PORT THREADED,345,11.57,0.59,0.31,12.47,USD,100959,2026-06-17,2026-06-23,345
PO-202605-0674,2026-05-20,Kotara Steel Products,India,HRD900003,2 IN STAINLESS PRESS COUPLING 316L (NEW SKU),91,27.05,2.27,1.57,30.89,USD,100117,2026-08-01,2026-07-30,91
PO-202605-0675,2026-05-22,Larsen Brass & Bronze,USA,HRD107744,3/4 IN x 100FT SOFT COPPER COIL TYPE L,11,291.31,0.00,0.00,291.31,USD,100933,2026-06-10,2026-06-10,11
PO-202605-0676,2026-05-23,Thermaline Systems,Mexico,HRD983377,3 TON 14 SEER AC CONDENSING UNIT R-410A,12,1550.87,37.22,0.00,1588.09,USD,100205,2026-07-01,2026-07-07,12
PO-202605-0677,2026-05-24,Kotara Steel Products,India,HRD248813,1-1/4 IN GALVANIZED STEEL NIPPLE 6 IN,3036,1.69,0.14,0.10,1.93,USD,100205,2026-08-05,2026-08-05,3036
PO-202605-0678,2026-05-24,Thermaline Systems,Mexico,HRD290145,2 IN PVC DWV SANITARY TEE HUB,3146,4.94,0.12,0.00,5.06,USD,100812,2026-07-02,2026-06-30,3146
PO-202605-0679,2026-05-24,Kotara Steel Products,India,HRD450871,40 GAL NATURAL GAS WATER HEATER 40 MBH,8,495.03,41.58,28.71,565.32,USD,100205,2026-08-05,2026-08-11,8
PO-202605-0680,2026-05-25,Gulf States Polymer,USA,HRD304148,3/4 IN CPVC 90 DEG ELBOW SOCKET,3409,7.62,0.00,0.00,7.62,USD,100047,2026-07-07,2026-07-07,3409
PO-202605-0681,2026-05-25,Gulf States Polymer,USA,HRD512066,1/2 IN x 300FT PEX-B TUBING RED,138,68.83,0.00,0.00,68.83,USD,100959,2026-07-07,2026-07-07,138
PO-202606-0682,2026-06-01,Gulf States Polymer,USA,HRD290145,2 IN PVC DWV SANITARY TEE HUB,2520,5.10,0.00,0.00,5.10,USD,100117,2026-07-14,2026-07-18,2520
PO-202606-0683,2026-06-01,Kotara Steel Products,India,HRD450871,40 GAL NATURAL GAS WATER HEATER 40 MBH,4,492.15,41.34,28.54,562.03,USD,100349,2026-08-13,2026-08-10,4
PO-202606-0684,2026-06-01,Pacific Rim Tooling,Vietnam,HRD983377,3 TON 14 SEER AC CONDENSING UNIT R-410A,10,1353.43,109.63,83.91,1546.97,USD,100117,2026-07-09,2026-07-06,10
PO-202606-0685,2026-06-02,Cascade Copper Mills,USA,HRD118902,1/2 IN COPPER TYPE L HARD TUBE 10FT,647,20.26,0.00,0.00,20.26,USD,100649,2026-06-19,2026-06-18,647
PO-202606-0686,2026-06-02,Thermaline Systems,Mexico,HRD983377,3 TON 14 SEER AC CONDENSING UNIT R-410A,12,1568.49,37.64,0.00,1606.13,USD,100571,2026-07-11,2026-07-10,12
PO-202606-0687,2026-06-03,Pacific Rim Tooling,Vietnam,HRD335590,CHROME LAVATORY FAUCET 4 IN CENTERSET 2-HANDLE,89,87.63,7.10,5.43,100.16,USD,100933,2026-07-11,2026-07-13,86
PO-202606-0688,2026-06-03,Thermaline Systems,Mexico,HRD450871,40 GAL NATURAL GAS WATER HEATER 40 MBH,6,560.05,13.44,0.00,573.49,USD,100649,2026-07-12,2026-07-11,6
PO-202606-0689,2026-06-04,Thermaline Systems,Mexico,HRD290145,2 IN PVC DWV SANITARY TEE HUB,2393,5.02,0.12,0.00,5.14,USD,100047,2026-07-13,2026-07-10,2393
PO-202606-0690,2026-06-04,Thermaline Systems,Mexico,HRD304148,3/4 IN CPVC 90 DEG ELBOW SOCKET,2516,7.53,0.18,0.00,7.71,USD,100959,2026-07-13,2026-07-19,2516
PO-202606-0691,2026-06-05,Thermaline Systems,Mexico,HRD512066,1/2 IN x 300FT PEX-B TUBING RED,71,70.78,1.70,0.00,72.48,USD,100047,2026-07-14,2026-07-22,71
PO-202606-0692,2026-06-06,Anhui Precision Fittings,China,HRD874019,4 IN CAST IRON NO-HUB COUPLING STAINLESS,371,7.72,0.60,0.97,9.29,USD,100571,2026-07-29,2026-07-26,371
PO-202606-0693,2026-06-06,Nordflow Valve Works,Germany,HRD551200,3/4 IN THERMOSTATIC MIXING VALVE LEAD FREE,75,141.41,7.21,3.82,152.44,USD,100571,2026-07-04,2026-07-03,75
PO-202606-0694,2026-06-06,Nordflow Valve Works,Germany,HRD551200,3/4 IN THERMOSTATIC MIXING VALVE LEAD FREE,65,145.00,7.40,3.92,156.32,USD,100205,2026-07-04,2026-07-01,65
PO-202606-0695,2026-06-08,Anhui Precision Fittings,China,HRD874019,4 IN CAST IRON NO-HUB COUPLING STAINLESS,334,7.51,0.59,0.94,9.04,USD,100047,2026-07-31,2026-07-29,334
PO-202606-0696,2026-06-08,Thermaline Systems,Mexico,HRD551201,50 GAL HEAT PUMP WATER HEATER 240V,5,1224.14,29.38,0.00,1253.52,USD,100349,2026-07-17,2026-07-15,5
PO-202606-0697,2026-06-09,Anhui Precision Fittings,China,HRD290145,2 IN PVC DWV SANITARY TEE HUB,3541,4.07,0.32,0.51,4.90,USD,100571,2026-08-01,2026-08-13,3541
PO-202606-0698,2026-06-09,Larsen Brass & Bronze,USA,HRD661204,1 IN PEX-A EXPANSION COUPLING BRASS,2736,2.37,0.00,0.00,2.37,USD,100649,2026-06-28,2026-07-04,2736
PO-202606-0699,2026-06-10,Anhui Precision Fittings,China,HRD772310,3/4 IN BRASS BALL VALVE FULL PORT THREADED,380,10.15,0.79,1.27,12.21,USD,100649,2026-08-02,2026-08-05,380
PO-202606-0700,2026-06-10,Nordflow Valve Works,Germany,HRD900001,6 IN DUCTILE IRON MJ GATE VALVE (NEW SKU),20,596.14,30.40,16.10,642.64,USD,100117,2026-07-08,2026-07-15,20
PO-202606-0701,2026-06-10,Kotara Steel Products,India,HRD900003,2 IN STAINLESS PRESS COUPLING 316L (NEW SKU),117,27.57,2.32,1.60,31.49,USD,100649,2026-08-22,2026-08-22,117
PO-202606-0702,2026-06-13,Anhui Precision Fittings,China,HRD248813,1-1/4 IN GALVANIZED STEEL NIPPLE 6 IN,1576,1.57,0.12,0.20,1.89,USD,100349,2026-08-05,2026-08-03,1576
PO-202606-0703,2026-06-13,Thermaline Systems,Mexico,HRD551201,50 GAL HEAT PUMP WATER HEATER 240V,10,1271.44,30.51,0.00,1301.95,USD,100959,2026-07-22,2026-07-21,10
PO-202606-0704,2026-06-15,Nordflow Valve Works,Germany,HRD772310,3/4 IN BRASS BALL VALVE FULL PORT THREADED,389,11.76,0.60,0.32,12.68,USD,100812,2026-07-13,2026-07-17,389
PO-202606-0705,2026-06-18,Cascade Copper Mills,USA,HRD107744,3/4 IN x 100FT SOFT COPPER COIL TYPE L,14,299.21,0.00,0.00,299.21,USD,100117,2026-07-05,2026-07-08,14
PO-202606-0706,2026-06-19,Nordflow Valve Works,Germany,HRD772310,3/4 IN BRASS BALL VALVE FULL PORT THREADED,317,11.58,0.59,0.31,12.48,USD,100933,2026-07-17,2026-07-15,317
PO-202606-0707,2026-06-20,Gulf States Polymer,USA,HRD512066,1/2 IN x 300FT PEX-B TUBING RED,107,70.82,0.00,0.00,70.82,USD,100812,2026-08-02,2026-08-02,107
PO-202606-0708,2026-06-21,Pacific Rim Tooling,Vietnam,HRD900002,SMART THERMOSTAT WIFI 24V C-WIRE (NEW SKU),132,80.10,6.49,4.97,91.56,USD,100117,2026-07-29,2026-07-29,132
PO-202606-0709,2026-06-21,Pacific Rim Tooling,Vietnam,HRD983377,3 TON 14 SEER AC CONDENSING UNIT R-410A,13,1384.77,112.17,85.86,1582.80,USD,100812,2026-07-29,2026-07-29,13
PO-202606-0710,2026-06-22,Larsen Brass & Bronze,USA,HRD335590,CHROME LAVATORY FAUCET 4 IN CENTERSET 2-HANDLE,157,98.53,0.00,0.00,98.53,USD,100349,2026-07-11,2026-07-11,157
PO-202606-0711,2026-06-22,Kotara Steel Products,India,HRD900001,6 IN DUCTILE IRON MJ GATE VALVE (NEW SKU),15,579.77,48.70,33.63,662.10,USD,100649,2026-09-03,,
PO-202606-0712,2026-06-24,Anhui Precision Fittings,China,HRD248813,1-1/4 IN GALVANIZED STEEL NIPPLE 6 IN,2172,1.61,0.13,0.20,1.94,USD,100933,2026-08-16,2026-08-14,2172
PO-202606-0713,2026-06-25,Gulf States Polymer,USA,HRD304148,3/4 IN CPVC 90 DEG ELBOW SOCKET,2734,7.37,0.00,0.00,7.37,USD,100571,2026-08-07,2026-08-07,2631
PO-202606-0714,2026-06-25,Gulf States Polymer,USA,HRD512066,1/2 IN x 300FT PEX-B TUBING RED,121,69.21,0.00,0.00,69.21,USD,100649,2026-08-07,2026-08-04,121
PO-202606-0715,2026-06-25,Kotara Steel Products,India,HRD874019,4 IN CAST IRON NO-HUB COUPLING STAINLESS,587,7.76,0.65,0.45,8.86,USD,100349,2026-09-06,,
PO-202607-0716,2026-07-03,Anhui Precision Fittings,China,HRD772310,3/4 IN BRASS BALL VALVE FULL PORT THREADED,430,10.29,0.80,1.29,12.38,USD,100117,2026-08-25,,
PO-202607-0717,2026-07-03,Anhui Precision Fittings,China,HRD874019,4 IN CAST IRON NO-HUB COUPLING STAINLESS,450,7.44,0.58,0.93,8.95,USD,100649,2026-08-25,2026-08-22,450
PO-202607-0718,2026-07-03,Nordflow Valve Works,Germany,HRD900001,6 IN DUCTILE IRON MJ GATE VALVE (NEW SKU),19,625.07,31.88,16.88,673.83,USD,100349,2026-07-31,2026-07-30,19
PO-202607-0719,2026-07-03,Thermaline Systems,Mexico,HRD551201,50 GAL HEAT PUMP WATER HEATER 240V,8,1268.91,30.45,0.00,1299.36,USD,100812,2026-08-11,2026-08-10,7
PO-202607-0720,2026-07-05,Cascade Copper Mills,USA,HRD118902,1/2 IN COPPER TYPE L HARD TUBE 10FT,340,21.17,0.00,0.00,21.17,USD,100812,2026-07-22,2026-07-26,340
PO-202607-0721,2026-07-05,Nordflow Valve Works,Germany,HRD772310,3/4 IN BRASS BALL VALVE FULL PORT THREADED,619,11.52,0.59,0.31,12.42,USD,100349,2026-08-02,2026-08-01,619
PO-202607-0722,2026-07-06,Gulf States Polymer,USA,HRD290145,2 IN PVC DWV SANITARY TEE HUB,3369,4.89,0.00,0.00,4.89,USD,100649,2026-08-18,2026-08-18,3369
PO-202607-0723,2026-07-06,Thermaline Systems,Mexico,HRD551201,50 GAL HEAT PUMP WATER HEATER 240V,8,1255.79,30.14,0.00,1285.93,USD,100933,2026-08-14,2026-08-14,8
PO-202607-0724,2026-07-07,Thermaline Systems,Mexico,HRD512066,1/2 IN x 300FT PEX-B TUBING RED,102,68.99,1.66,0.00,70.65,USD,100205,2026-08-15,2026-08-14,91
PO-202607-0725,2026-07-08,Kotara Steel Products,India,HRD248813,1-1/4 IN GALVANIZED STEEL NIPPLE 6 IN,3490,1.71,0.14,0.10,1.95,USD,100959,2026-09-19,,
PO-202607-0726,2026-07-09,Pacific Rim Tooling,Vietnam,HRD900002,SMART THERMOSTAT WIFI 24V C-WIRE (NEW SKU),67,81.31,6.59,5.04,92.94,USD,100047,2026-08-16,2026-08-14,67
PO-202607-0727,2026-07-10,Gulf States Polymer,USA,HRD290145,2 IN PVC DWV SANITARY TEE HUB,3531,5.05,0.00,0.00,5.05,USD,100571,2026-08-22,2026-08-20,3531
PO-202607-0728,2026-07-10,Pacific Rim Tooling,Vietnam,HRD335590,CHROME LAVATORY FAUCET 4 IN CENTERSET 2-HANDLE,62,86.96,7.04,5.39,99.39,USD,100571,2026-08-17,2026-08-22,62
PO-202607-0729,2026-07-11,Cascade Copper Mills,USA,HRD107744,3/4 IN x 100FT SOFT COPPER COIL TYPE L,16,295.38,0.00,0.00,295.38,USD,100933,2026-07-28,2026-08-06,16
PO-202607-0730,2026-07-13,Larsen Brass & Bronze,USA,HRD107744,3/4 IN x 100FT SOFT COPPER COIL TYPE L,10,296.50,0.00,0.00,296.50,USD,100349,2026-08-01,2026-08-08,10
PO-202607-0731,2026-07-13,Anhui Precision Fittings,China,HRD900003,2 IN STAINLESS PRESS COUPLING 316L (NEW SKU),104,25.47,1.99,3.18,30.64,USD,100933,2026-09-04,,
PO-202607-0732,2026-07-13,Nordflow Valve Works,Germany,HRD551200,3/4 IN THERMOSTATIC MIXING VALVE LEAD FREE,58,148.16,7.56,4.00,159.72,USD,100812,2026-08-10,2026-08-09,58
PO-202607-0733,2026-07-14,Kotara Steel Products,India,HRD248813,1-1/4 IN GALVANIZED STEEL NIPPLE 6 IN,2569,1.71,0.14,0.10,1.95,USD,100812,2026-09-25,,
PO-202607-0734,2026-07-14,Gulf States Polymer,USA,HRD512066,1/2 IN x 300FT PEX-B TUBING RED,118,71.92,0.00,0.00,71.92,USD,100349,2026-08-26,,
PO-202607-0735,2026-07-15,Thermaline Systems,Mexico,HRD304148,3/4 IN CPVC 90 DEG ELBOW SOCKET,2678,7.31,0.18,0.00,7.49,USD,100649,2026-08-23,2026-08-20,2678
PO-202607-0736,2026-07-15,Anhui Precision Fittings,China,HRD335590,CHROME LAVATORY FAUCET 4 IN CENTERSET 2-HANDLE,77,85.76,6.69,10.72,103.17,USD,100812,2026-09-06,,
PO-202607-0737,2026-07-15,Nordflow Valve Works,Germany,HRD551200,3/4 IN THERMOSTATIC MIXING VALVE LEAD FREE,54,145.11,7.40,3.92,156.43,USD,100959,2026-08-12,2026-08-09,54
PO-202607-0738,2026-07-17,Cascade Copper Mills,USA,HRD118902,1/2 IN COPPER TYPE L HARD TUBE 10FT,448,21.09,0.00,0.00,21.09,USD,100959,2026-08-03,2026-08-02,448
PO-202607-0739,2026-07-17,Anhui Precision Fittings,China,HRD248813,1-1/4 IN GALVANIZED STEEL NIPPLE 6 IN,1931,1.59,0.12,0.20,1.91,USD,100571,2026-09-08,,
PO-202607-0740,2026-07-18,Larsen Brass & Bronze,USA,HRD661204,1 IN PEX-A EXPANSION COUPLING BRASS,2551,2.42,0.00,0.00,2.42,USD,100117,2026-08-06,2026-08-10,2551
PO-202607-0741,2026-07-18,Anhui Precision Fittings,China,HRD661204,1 IN PEX-A EXPANSION COUPLING BRASS,1816,2.06,0.16,0.26,2.48,USD,100959,2026-09-09,,
PO-202607-0742,2026-07-18,Thermaline Systems,Mexico,HRD983377,3 TON 14 SEER AC CONDENSING UNIT R-410A,13,1542.61,37.02,0.00,1579.63,USD,100649,2026-08-26,2026-08-25,13
PO-202607-0743,2026-07-19,Larsen Brass & Bronze,USA,HRD335590,CHROME LAVATORY FAUCET 4 IN CENTERSET 2-HANDLE,46,101.59,0.00,0.00,101.59,USD,100933,2026-08-07,2026-08-05,46
PO-202607-0744,2026-07-19,Kotara Steel Products,India,HRD551201,50 GAL HEAT PUMP WATER HEATER 240V,7,1160.31,97.47,67.30,1325.08,USD,100571,2026-09-30,,
PO-202607-0745,2026-07-20,Nordflow Valve Works,Germany,HRD900003,2 IN STAINLESS PRESS COUPLING 316L (NEW SKU),69,29.64,1.51,0.80,31.95,USD,100812,2026-08-17,2026-08-22,69
PO-202607-0746,2026-07-20,Nordflow Valve Works,Germany,HRD551200,3/4 IN THERMOSTATIC MIXING VALVE LEAD FREE,74,146.73,7.48,3.96,158.17,USD,100649,2026-08-17,2026-08-15,74
PO-202607-0747,2026-07-22,Cascade Copper Mills,USA,HRD118902,1/2 IN COPPER TYPE L HARD TUBE 10FT,349,20.07,0.00,0.00,20.07,USD,100649,2026-08-08,2026-08-12,310
PO-202607-0748,2026-07-22,Thermaline Systems,Mexico,HRD450871,40 GAL NATURAL GAS WATER HEATER 40 MBH,6,554.56,13.31,0.00,567.87,USD,100117,2026-08-30,2026-08-28,6
PO-202607-0749,2026-07-23,Thermaline Systems,Mexico,HRD900002,SMART THERMOSTAT WIFI 24V C-WIRE (NEW SKU),79,88.47,2.12,0.00,90.59,USD,100205,2026-08-31,,
PO-202608-0750,2026-08-03,Anhui Precision Fittings,China,HRD248813,1-1/4 IN GALVANIZED STEEL NIPPLE 6 IN,2144,1.59,0.12,0.20,1.91,USD,100959,2026-09-25,,
PO-202608-0751,2026-08-04,Cascade Copper Mills,USA,HRD107744,3/4 IN x 100FT SOFT COPPER COIL TYPE L,4,298.64,0.00,0.00,298.64,USD,100571,2026-08-21,2026-08-25,4
PO-202608-0752,2026-08-06,Nordflow Valve Works,Germany,HRD551200,3/4 IN THERMOSTATIC MIXING VALVE LEAD FREE,84,145.84,7.44,3.94,157.22,USD,100349,2026-09-03,,
PO-202608-0753,2026-08-07,Thermaline Systems,Mexico,HRD304148,3/4 IN CPVC 90 DEG ELBOW SOCKET,2679,7.19,0.17,0.00,7.36,USD,100349,2026-09-15,,
PO-202608-0754,2026-08-07,Gulf States Polymer,USA,HRD512066,1/2 IN x 300FT PEX-B TUBING RED,80,70.92,0.00,0.00,70.92,USD,100571,2026-09-19,,
PO-202608-0755,2026-08-07,Pacific Rim Tooling,Vietnam,HRD983377,3 TON 14 SEER AC CONDENSING UNIT R-410A,16,1349.41,109.30,83.66,1542.37,USD,100571,2026-09-14,,
PO-202608-0756,2026-08-08,Larsen Brass & Bronze,USA,HRD661204,1 IN PEX-A EXPANSION COUPLING BRASS,1938,2.42,0.00,0.00,2.42,USD,100205,2026-08-27,,
PO-202608-0757,2026-08-08,Thermaline Systems,Mexico,HRD551201,50 GAL HEAT PUMP WATER HEATER 240V,9,1233.56,29.61,0.00,1263.17,USD,100812,2026-09-16,,
PO-202608-0758,2026-08-08,Thermaline Systems,Mexico,HRD551201,50 GAL HEAT PUMP WATER HEATER 240V,9,1265.78,30.38,0.00,1296.16,USD,100959,2026-09-16,,
PO-202608-0759,2026-08-09,Pacific Rim Tooling,Vietnam,HRD983377,3 TON 14 SEER AC CONDENSING UNIT R-410A,16,1390.24,112.61,86.19,1589.04,USD,100812,2026-09-16,,
PO-202608-0760,2026-08-11,Anhui Precision Fittings,China,HRD661204,1 IN PEX-A EXPANSION COUPLING BRASS,1739,2.03,0.16,0.25,2.44,USD,100649,2026-10-03,,
PO-202608-0761,2026-08-11,Larsen Brass & Bronze,USA,HRD551200,3/4 IN THERMOSTATIC MIXING VALVE LEAD FREE,48,155.22,0.00,0.00,155.22,USD,100571,2026-08-30,,
PO-202608-0762,2026-08-12,Cascade Copper Mills,USA,HRD107744,3/4 IN x 100FT SOFT COPPER COIL TYPE L,11,296.55,0.00,0.00,296.55,USD,100047,2026-08-29,,
PO-202608-0763,2026-08-12,Gulf States Polymer,USA,HRD290145,2 IN PVC DWV SANITARY TEE HUB,2561,5.10,0.00,0.00,5.10,USD,100933,2026-09-24,,
PO-202608-0764,2026-08-13,Gulf States Polymer,USA,HRD304148,3/4 IN CPVC 90 DEG ELBOW SOCKET,3517,7.66,0.00,0.00,7.66,USD,100649,2026-09-25,,
PO-202608-0765,2026-08-14,Gulf States Polymer,USA,HRD304148,3/4 IN CPVC 90 DEG ELBOW SOCKET,3567,7.49,0.00,0.00,7.49,USD,100571,2026-09-26,,
PO-202608-0766,2026-08-14,Nordflow Valve Works,Germany,HRD772310,3/4 IN BRASS BALL VALVE FULL PORT THREADED,620,11.52,0.59,0.31,12.42,USD,100649,2026-09-11,,
PO-202608-0767,2026-08-15,Anhui Precision Fittings,China,HRD107744,3/4 IN x 100FT SOFT COPPER COIL TYPE L,11,254.68,19.87,31.84,306.39,USD,100205,2026-10-07,,
PO-202608-0768,2026-08-16,Nordflow Valve Works,Germany,HRD900001,6 IN DUCTILE IRON MJ GATE VALVE (NEW SKU),10,608.63,31.04,16.43,656.10,USD,100649,2026-09-13,,
PO-202608-0769,2026-08-16,Kotara Steel Products,India,HRD900003,2 IN STAINLESS PRESS COUPLING 316L (NEW SKU),110,27.15,2.28,1.57,31.00,USD,100349,2026-10-28,,
PO-202608-0770,2026-08-17,Larsen Brass & Bronze,USA,HRD772310,3/4 IN BRASS BALL VALVE FULL PORT THREADED,444,12.83,0.00,0.00,12.83,USD,100349,2026-09-05,,
PO-202608-0771,2026-08-17,Anhui Precision Fittings,China,HRD874019,4 IN CAST IRON NO-HUB COUPLING STAINLESS,460,7.55,0.59,0.94,9.08,USD,100047,2026-10-09,,
PO-202608-0772,2026-08-18,Nordflow Valve Works,Germany,HRD900001,6 IN DUCTILE IRON MJ GATE VALVE (NEW SKU),19,626.85,31.97,16.92,675.74,USD,100571,2026-09-15,,
PO-202608-0773,2026-08-19,Pacific Rim Tooling,Vietnam,HRD118902,1/2 IN COPPER TYPE L HARD TUBE 10FT,490,18.11,1.47,1.12,20.70,USD,100205,2026-09-26,,
PO-202608-0774,2026-08-19,Pacific Rim Tooling,Vietnam,HRD335590,CHROME LAVATORY FAUCET 4 IN CENTERSET 2-HANDLE,88,88.93,7.20,5.51,101.64,USD,100933,2026-09-26,,
PO-202608-0775,2026-08-19,Gulf States Polymer,USA,HRD512066,1/2 IN x 300FT PEX-B TUBING RED,130,73.07,0.00,0.00,73.07,USD,100205,2026-10-01,,
PO-202608-0776,2026-08-19,Nordflow Valve Works,Germany,HRD900001,6 IN DUCTILE IRON MJ GATE VALVE (NEW SKU),14,627.82,32.02,16.95,676.79,USD,100205,2026-09-16,,
PO-202608-0777,2026-08-22,Thermaline Systems,Mexico,HRD900002,SMART THERMOSTAT WIFI 24V C-WIRE (NEW SKU),105,91.65,2.20,0.00,93.85,USD,100117,2026-09-30,,
PO-202608-0778,2026-08-23,Anhui Precision Fittings,China,HRD900003,2 IN STAINLESS PRESS COUPLING 316L (NEW SKU),86,25.30,1.97,3.16,30.43,USD,100571,2026-10-15,,
PO-202608-0779,2026-08-23,Thermaline Systems,Mexico,HRD983377,3 TON 14 SEER AC CONDENSING UNIT R-410A,24,1511.99,36.29,0.00,1548.28,USD,100933,2026-10-01,,
PO-202608-0780,2026-08-25,Thermaline Systems,Mexico,HRD450871,40 GAL NATURAL GAS WATER HEATER 40 MBH,10,542.85,13.03,0.00,555.88,USD,100649,2026-10-03,,
PO-202608-0781,2026-08-25,Thermaline Systems,Mexico,HRD512066,1/2 IN x 300FT PEX-B TUBING RED,114,70.61,1.69,0.00,72.30,USD,100349,2026-10-03,,
PO-202608-0782,2026-08-25,Anhui Precision Fittings,China,HRD874019,4 IN CAST IRON NO-HUB COUPLING STAINLESS,439,7.43,0.58,0.93,8.94,USD,100649,2026-10-17,,
PO-202608-0783,2026-08-25,Anhui Precision Fittings,China,HRD900003,2 IN STAINLESS PRESS COUPLING 316L (NEW SKU),96,25.44,1.98,3.18,30.60,USD,100933,2026-10-17,,
